Apache Maven 3.9.11 (3e54c93a704957b63ee3494413a2b544fd3d825b)
Maven home: /usr/share/java/maven
Java version: 21.0.9, vendor: Arch Linux, runtime: /usr/lib/jvm/java-21-openjdk
Default locale: en_US, platform encoding: UTF-8
OS name: "linux", version: "6.17.5-arch1-1", arch: "amd64", family: "unix"
[DEBUG] Created new class realm maven.api
[DEBUG] Importing foreign packages into class realm maven.api
[DEBUG]   Imported: javax.annotation.* < plexus.core
[DEBUG]   Imported: javax.annotation.security.* < plexus.core
[DEBUG]   Imported: javax.inject.* < plexus.core
[DEBUG]   Imported: org.apache.maven.* < plexus.core
[DEBUG]   Imported: org.apache.maven.artifact < plexus.core
[DEBUG]   Imported: org.apache.maven.classrealm < plexus.core
[DEBUG]   Imported: org.apache.maven.cli < plexus.core
[DEBUG]   Imported: org.apache.maven.configuration < plexus.core
[DEBUG]   Imported: org.apache.maven.exception < plexus.core
[DEBUG]   Imported: org.apache.maven.execution < plexus.core
[DEBUG]   Imported: org.apache.maven.execution.scope < plexus.core
[DEBUG]   Imported: org.apache.maven.graph < plexus.core
[DEBUG]   Imported: org.apache.maven.lifecycle < plexus.core
[DEBUG]   Imported: org.apache.maven.model < plexus.core
[DEBUG]   Imported: org.apache.maven.monitor < plexus.core
[DEBUG]   Imported: org.apache.maven.plugin < plexus.core
[DEBUG]   Imported: org.apache.maven.profiles < plexus.core
[DEBUG]   Imported: org.apache.maven.project < plexus.core
[DEBUG]   Imported: org.apache.maven.reporting < plexus.core
[DEBUG]   Imported: org.apache.maven.repository < plexus.core
[DEBUG]   Imported: org.apache.maven.rtinfo < plexus.core
[DEBUG]   Imported: org.apache.maven.settings < plexus.core
[DEBUG]   Imported: org.apache.maven.toolchain < plexus.core
[DEBUG]   Imported: org.apache.maven.usability < plexus.core
[DEBUG]   Imported: org.apache.maven.wagon.* < plexus.core
[DEBUG]   Imported: org.apache.maven.wagon.authentication < plexus.core
[DEBUG]   Imported: org.apache.maven.wagon.authorization < plexus.core
[DEBUG]   Imported: org.apache.maven.wagon.events < plexus.core
[DEBUG]   Imported: org.apache.maven.wagon.observers < plexus.core
[DEBUG]   Imported: org.apache.maven.wagon.proxy < plexus.core
[DEBUG]   Imported: org.apache.maven.wagon.repository < plexus.core
[DEBUG]   Imported: org.apache.maven.wagon.resource < plexus.core
[DEBUG]   Imported: org.codehaus.classworlds < plexus.core
[DEBUG]   Imported: org.codehaus.plexus.* < plexus.core
[DEBUG]   Imported: org.codehaus.plexus.classworlds < plexus.core
[DEBUG]   Imported: org.codehaus.plexus.component < plexus.core
[DEBUG]   Imported: org.codehaus.plexus.configuration < plexus.core
[DEBUG]   Imported: org.codehaus.plexus.container < plexus.core
[DEBUG]   Imported: org.codehaus.plexus.context < plexus.core
[DEBUG]   Imported: org.codehaus.plexus.lifecycle < plexus.core
[DEBUG]   Imported: org.codehaus.plexus.logging < plexus.core
[DEBUG]   Imported: org.codehaus.plexus.personality < plexus.core
[DEBUG]   Imported: org.codehaus.plexus.util.xml.Xpp3Dom < plexus.core
[DEBUG]   Imported: org.codehaus.plexus.util.xml.pull.XmlPullParser < plexus.core
[DEBUG]   Imported: org.codehaus.plexus.util.xml.pull.XmlPullParserException < plexus.core
[DEBUG]   Imported: org.codehaus.plexus.util.xml.pull.XmlSerializer < plexus.core
[DEBUG]   Imported: org.eclipse.aether.* < plexus.core
[DEBUG]   Imported: org.eclipse.aether.artifact < plexus.core
[DEBUG]   Imported: org.eclipse.aether.collection < plexus.core
[DEBUG]   Imported: org.eclipse.aether.deployment < plexus.core
[DEBUG]   Imported: org.eclipse.aether.graph < plexus.core
[DEBUG]   Imported: org.eclipse.aether.impl < plexus.core
[DEBUG]   Imported: org.eclipse.aether.installation < plexus.core
[DEBUG]   Imported: org.eclipse.aether.internal.impl < plexus.core
[DEBUG]   Imported: org.eclipse.aether.metadata < plexus.core
[DEBUG]   Imported: org.eclipse.aether.repository < plexus.core
[DEBUG]   Imported: org.eclipse.aether.resolution < plexus.core
[DEBUG]   Imported: org.eclipse.aether.spi < plexus.core
[DEBUG]   Imported: org.eclipse.aether.transfer < plexus.core
[DEBUG]   Imported: org.eclipse.aether.util < plexus.core
[DEBUG]   Imported: org.eclipse.aether.version < plexus.core
[DEBUG]   Imported: org.fusesource.jansi.* < plexus.core
[DEBUG]   Imported: org.slf4j.* < plexus.core
[DEBUG]   Imported: org.slf4j.event.* < plexus.core
[DEBUG]   Imported: org.slf4j.helpers.* < plexus.core
[DEBUG]   Imported: org.slf4j.spi.* < plexus.core
[DEBUG] Populating class realm maven.api
[DEBUG] Created adapter factory; available factories [file-lock, rwlock-local, semaphore-local, noop]; available name mappers [discriminating, file-gav, file-hgav, file-static, gav, static]
[INFO] Error stacktraces are turned on.
[DEBUG] Message scheme: color
[DEBUG] Message styles: debug info warning error success failure strong mojo project
[DEBUG] Reading global settings from /usr/share/java/maven/conf/settings.xml
[DEBUG] Reading user settings from /home/artur/.m2/settings.xml
[DEBUG] Reading global toolchains from /usr/share/java/maven/conf/toolchains.xml
[DEBUG] Reading user toolchains from /home/artur/.m2/toolchains.xml
[DEBUG] Using local repository at /home/artur/.m2/repository
[DEBUG] Using manager EnhancedLocalRepositoryManager with priority 10.0 for /home/artur/.m2/repository
[INFO] Scanning for projects...
[DEBUG] Creating adapter using nameMapper 'gav' and factory 'rwlock-local'
[DEBUG] Extension realms for project com.reservio:Reservation-System:jar:1.0.0-SNAPSHOT: (none)
[DEBUG] Looking up lifecycle mappings for packaging jar from ClassRealm[plexus.core, parent: null]
[DEBUG] Extension realms for project org.springframework.boot:spring-boot-starter-parent:pom:3.5.4: (none)
[DEBUG] Looking up lifecycle mappings for packaging pom from ClassRealm[plexus.core, parent: null]
[DEBUG] Extension realms for project org.springframework.boot:spring-boot-dependencies:pom:3.5.4: (none)
[DEBUG] Looking up lifecycle mappings for packaging pom from ClassRealm[plexus.core, parent: null]
[DEBUG] === REACTOR BUILD PLAN ================================================
[DEBUG] Project: com.reservio:Reservation-System:jar:1.0.0-SNAPSHOT
[DEBUG] Tasks:   [clean, compile]
[DEBUG] Style:   Regular
[DEBUG] =======================================================================
[INFO] 
[INFO] ------------------< com.reservio:Reservation-System >-------------------
[INFO] Building reservation_system 1.0.0-SNAPSHOT
[INFO]   from pom.xml
[INFO] --------------------------------[ jar ]---------------------------------
[DEBUG] Lifecycle clean -> [pre-clean, clean, post-clean]
[DEBUG] Lifecycle default -> [validate, initialize, generate-sources, process-sources, generate-resources, process-resources, compile, process-classes, generate-test-sources, process-test-sources, generate-test-resources, process-test-resources, test-compile, process-test-classes, test, prepare-package, package, pre-integration-test, integration-test, post-integration-test, verify, install, deploy]
[DEBUG] Lifecycle site -> [pre-site, site, post-site, site-deploy]
[DEBUG] Lifecycle clean -> [pre-clean, clean, post-clean]
[DEBUG] Lifecycle default -> [validate, initialize, generate-sources, process-sources, generate-resources, process-resources, compile, process-classes, generate-test-sources, process-test-sources, generate-test-resources, process-test-resources, test-compile, process-test-classes, test, prepare-package, package, pre-integration-test, integration-test, post-integration-test, verify, install, deploy]
[DEBUG] Lifecycle site -> [pre-site, site, post-site, site-deploy]
[DEBUG] Lifecycle clean -> [pre-clean, clean, post-clean]
[DEBUG] Lifecycle default -> [validate, initialize, generate-sources, process-sources, generate-resources, process-resources, compile, process-classes, generate-test-sources, process-test-sources, generate-test-resources, process-test-resources, test-compile, process-test-classes, test, prepare-package, package, pre-integration-test, integration-test, post-integration-test, verify, install, deploy]
[DEBUG] Lifecycle site -> [pre-site, site, post-site, site-deploy]
[DEBUG] Lifecycle clean -> [pre-clean, clean, post-clean]
[DEBUG] Lifecycle default -> [validate, initialize, generate-sources, process-sources, generate-resources, process-resources, compile, process-classes, generate-test-sources, process-test-sources, generate-test-resources, process-test-resources, test-compile, process-test-classes, test, prepare-package, package, pre-integration-test, integration-test, post-integration-test, verify, install, deploy]
[DEBUG] Lifecycle site -> [pre-site, site, post-site, site-deploy]
[DEBUG] Lifecycle clean -> [pre-clean, clean, post-clean]
[DEBUG] Lifecycle default -> [validate, initialize, generate-sources, process-sources, generate-resources, process-resources, compile, process-classes, generate-test-sources, process-test-sources, generate-test-resources, process-test-resources, test-compile, process-test-classes, test, prepare-package, package, pre-integration-test, integration-test, post-integration-test, verify, install, deploy]
[DEBUG] Lifecycle site -> [pre-site, site, post-site, site-deploy]
[DEBUG] === PROJECT BUILD PLAN ================================================
[DEBUG] Project:       com.reservio:Reservation-System:1.0.0-SNAPSHOT
[DEBUG] Dependencies (collect): []
[DEBUG] Dependencies (resolve): [compile]
[DEBUG] Repositories (dependencies): [central (https://repo.maven.apache.org/maven2, default, releases)]
[DEBUG] Repositories (plugins)     : [central (https://repo.maven.apache.org/maven2, default, releases)]
[DEBUG] -----------------------------------------------------------------------
[DEBUG] Goal:          org.apache.maven.plugins:maven-clean-plugin:3.4.1:clean (default-clean)
[DEBUG] Style:         Regular
[DEBUG] Configuration: <?xml version="1.0" encoding="UTF-8"?>
<configuration>
  <directory default-value="${project.build.directory}"/>
  <excludeDefaultDirectories default-value="false">${maven.clean.excludeDefaultDirectories}</excludeDefaultDirectories>
  <failOnError default-value="true">${maven.clean.failOnError}</failOnError>
  <fast default-value="false">${maven.clean.fast}</fast>
  <fastDir>${maven.clean.fastDir}</fastDir>
  <fastMode default-value="background">${maven.clean.fastMode}</fastMode>
  <followSymLinks default-value="false">${maven.clean.followSymLinks}</followSymLinks>
  <outputDirectory default-value="${project.build.outputDirectory}"/>
  <reportDirectory default-value="${project.build.outputDirectory}"/>
  <retryOnError default-value="true">${maven.clean.retryOnError}</retryOnError>
  <session default-value="${session}"/>
  <skip default-value="false">${maven.clean.skip}</skip>
  <testOutputDirectory default-value="${project.build.testOutputDirectory}"/>
  <verbose>${maven.clean.verbose}</verbose>
</configuration>
[DEBUG] -----------------------------------------------------------------------
[DEBUG] Goal:          org.apache.maven.plugins:maven-resources-plugin:3.3.1:resources (default-resources)
[DEBUG] Style:         Regular
[DEBUG] Configuration: <?xml version="1.0" encoding="UTF-8"?>
<configuration>
  <addDefaultExcludes default-value="true"/>
  <buildFilters default-value="${project.build.filters}"/>
  <delimiters>
    <delimiter>@</delimiter>
  </delimiters>
  <encoding default-value="${project.build.sourceEncoding}"/>
  <escapeWindowsPaths default-value="true"/>
  <fileNameFiltering default-value="false"/>
  <includeEmptyDirs default-value="false"/>
  <outputDirectory default-value="${project.build.outputDirectory}"/>
  <overwrite default-value="false"/>
  <project default-value="${project}"/>
  <propertiesEncoding>UTF-8</propertiesEncoding>
  <resources default-value="${project.resources}"/>
  <session default-value="${session}"/>
  <skip default-value="false">${maven.resources.skip}</skip>
  <supportMultiLineFiltering default-value="false"/>
  <useBuildFilters default-value="true"/>
  <useDefaultDelimiters default-value="true">false</useDefaultDelimiters>
</configuration>
[DEBUG] -----------------------------------------------------------------------
[DEBUG] Goal:          org.apache.maven.plugins:maven-compiler-plugin:3.14.0:compile (default-compile)
[DEBUG] Style:         Regular
[DEBUG] Configuration: <?xml version="1.0" encoding="UTF-8"?>
<configuration>
  <annotationProcessorPaths>
    <path>
      <groupId>org.projectlombok</groupId>
      <artifactId>lombok</artifactId>
      <version>1.18.34</version>
    </path>
    <path>
      <groupId>org.mapstruct</groupId>
      <artifactId>mapstruct-processor</artifactId>
      <version>1.6.2</version>
    </path>
  </annotationProcessorPaths>
  <annotationProcessorPathsUseDepMgmt default-value="false"/>
  <basedir default-value="${basedir}"/>
  <buildDirectory default-value="${project.build.directory}"/>
  <compilePath default-value="${project.compileClasspathElements}"/>
  <compileSourceRoots default-value="${project.compileSourceRoots}"/>
  <compilerId default-value="javac">${maven.compiler.compilerId}</compilerId>
  <compilerReuseStrategy default-value="${reuseCreated}">${maven.compiler.compilerReuseStrategy}</compilerReuseStrategy>
  <compilerVersion>${maven.compiler.compilerVersion}</compilerVersion>
  <createMissingPackageInfoClass default-value="true">${maven.compiler.createMissingPackageInfoClass}</createMissingPackageInfoClass>
  <debug default-value="true">${maven.compiler.debug}</debug>
  <debugFileName default-value="javac"/>
  <debuglevel>${maven.compiler.debuglevel}</debuglevel>
  <enablePreview default-value="false">${maven.compiler.enablePreview}</enablePreview>
  <encoding default-value="${project.build.sourceEncoding}">${encoding}</encoding>
  <executable>${maven.compiler.executable}</executable>
  <failOnError default-value="true">${maven.compiler.failOnError}</failOnError>
  <failOnWarning default-value="false">${maven.compiler.failOnWarning}</failOnWarning>
  <fileExtensions default-value="class,jar"/>
  <forceJavacCompilerUse default-value="false">${maven.compiler.forceJavacCompilerUse}</forceJavacCompilerUse>
  <forceLegacyJavacApi default-value="false">${maven.compiler.forceLegacyJavacApi}</forceLegacyJavacApi>
  <fork default-value="false">${maven.compiler.fork}</fork>
  <generatedSourcesDirectory default-value="${project.build.directory}/generated-sources/annotations"/>
  <implicit>${maven.compiler.implicit}</implicit>
  <maxmem>${maven.compiler.maxmem}</maxmem>
  <meminitial>${maven.compiler.meminitial}</meminitial>
  <moduleVersion default-value="${project.version}">${maven.compiler.moduleVersion}</moduleVersion>
  <mojoExecution default-value="${mojoExecution}"/>
  <optimize default-value="false">${maven.compiler.optimize}</optimize>
  <outputDirectory default-value="${project.build.outputDirectory}">${maven.compiler.outputDirectory}</outputDirectory>
  <outputTimestamp default-value="${project.build.outputTimestamp}"/>
  <parameters default-value="false">true</parameters>
  <proc>${maven.compiler.proc}</proc>
  <project default-value="${project}"/>
  <projectArtifact default-value="${project.artifact}"/>
  <release>21</release>
  <session default-value="${session}"/>
  <showCompilationChanges default-value="false">${maven.compiler.showCompilationChanges}</showCompilationChanges>
  <showDeprecation default-value="false">${maven.compiler.showDeprecation}</showDeprecation>
  <showWarnings default-value="true">${maven.compiler.showWarnings}</showWarnings>
  <skipMain>${maven.main.skip}</skipMain>
  <skipMultiThreadWarning default-value="false">${maven.compiler.skipMultiThreadWarning}</skipMultiThreadWarning>
  <source default-value="1.8">21</source>
  <staleMillis default-value="0">${lastModGranularityMs}</staleMillis>
  <target default-value="1.8">21</target>
  <useIncrementalCompilation default-value="true">${maven.compiler.useIncrementalCompilation}</useIncrementalCompilation>
  <verbose default-value="false">${maven.compiler.verbose}</verbose>
</configuration>
[DEBUG] =======================================================================
[DEBUG] Using mirror maven-default-http-blocker (http://0.0.0.0/) for vaadin-snapshots (http://oss.sonatype.org/content/repositories/vaadin-snapshots/).
[DEBUG] Using mirror maven-default-http-blocker (http://0.0.0.0/) for vaadin-releases (http://oss.sonatype.org/content/repositories/vaadin-releases/).
[DEBUG] Dependency collection stats {ConflictMarker.analyzeTime=896106, ConflictMarker.markTime=213976, ConflictMarker.nodeCount=219, ConflictIdSorter.graphTime=355352, ConflictIdSorter.topsortTime=204099, ConflictIdSorter.conflictIdCount=100, ConflictIdSorter.conflictIdCycleCount=0, ConflictResolver.totalTime=7256104, ConflictResolver.conflictItemCount=203, DfDependencyCollector.collectTime=232652003, DfDependencyCollector.transformTime=10079217}
[DEBUG] com.reservio:Reservation-System:jar:1.0.0-SNAPSHOT
[DEBUG]    org.springframework.boot:spring-boot-starter-web:jar:3.5.4:compile
[DEBUG]       org.springframework.boot:spring-boot-starter:jar:3.5.4:compile (version managed from 3.5.4)
[DEBUG]          org.springframework.boot:spring-boot:jar:3.5.4:compile (version managed from 3.5.4)
[DEBUG]          org.springframework.boot:spring-boot-autoconfigure:jar:3.5.4:compile (version managed from 3.5.4)
[DEBUG]          org.springframework.boot:spring-boot-starter-logging:jar:3.5.4:compile (version managed from 3.5.4)
[DEBUG]             ch.qos.logback:logback-classic:jar:1.5.18:compile (version managed from 1.5.18)
[DEBUG]                ch.qos.logback:logback-core:jar:1.5.18:compile (version managed from 1.5.18)
[DEBUG]             org.apache.logging.log4j:log4j-to-slf4j:jar:2.24.3:compile (version managed from 2.24.3)
[DEBUG]                org.apache.logging.log4j:log4j-api:jar:2.24.3:compile (version managed from 2.24.3)
[DEBUG]             org.slf4j:jul-to-slf4j:jar:2.0.17:compile (version managed from 2.0.17)
[DEBUG]          jakarta.annotation:jakarta.annotation-api:jar:2.1.1:compile (version managed from 2.1.1)
[DEBUG]          org.yaml:snakeyaml:jar:2.4:compile (version managed from 2.4)
[DEBUG]       org.springframework.boot:spring-boot-starter-json:jar:3.5.4:compile (version managed from 3.5.4)
[DEBUG]          com.fasterxml.jackson.core:jackson-databind:jar:2.19.2:compile (version managed from 2.19.2)
[DEBUG]             com.fasterxml.jackson.core:jackson-annotations:jar:2.19.2:compile (version managed from 2.19.2)
[DEBUG]             com.fasterxml.jackson.core:jackson-core:jar:2.19.2:compile (version managed from 2.19.2)
[DEBUG]          com.fasterxml.jackson.datatype:jackson-datatype-jdk8:jar:2.19.2:compile (version managed from 2.19.2)
[DEBUG]          com.fasterxml.jackson.datatype:jackson-datatype-jsr310:jar:2.19.2:compile (version managed from 2.19.2)
[DEBUG]          com.fasterxml.jackson.module:jackson-module-parameter-names:jar:2.19.2:compile (version managed from 2.19.2)
[DEBUG]       org.springframework.boot:spring-boot-starter-tomcat:jar:3.5.4:compile (version managed from 3.5.4)
[DEBUG]          org.apache.tomcat.embed:tomcat-embed-core:jar:10.1.43:compile (version managed from 10.1.43)
[DEBUG]          org.apache.tomcat.embed:tomcat-embed-el:jar:10.1.43:compile (version managed from 10.1.43)
[DEBUG]          org.apache.tomcat.embed:tomcat-embed-websocket:jar:10.1.43:compile (version managed from 10.1.43)
[DEBUG]       org.springframework:spring-web:jar:6.2.9:compile (version managed from 6.2.9)
[DEBUG]          org.springframework:spring-beans:jar:6.2.9:compile (version managed from 6.2.9)
[DEBUG]          io.micrometer:micrometer-observation:jar:1.15.2:compile (version managed from 1.14.9)
[DEBUG]             io.micrometer:micrometer-commons:jar:1.15.2:compile (version managed from 1.15.2)
[DEBUG]       org.springframework:spring-webmvc:jar:6.2.9:compile (version managed from 6.2.9)
[DEBUG]          org.springframework:spring-context:jar:6.2.9:compile (version managed from 6.2.9)
[DEBUG]          org.springframework:spring-expression:jar:6.2.9:compile (version managed from 6.2.9)
[DEBUG]    org.projectlombok:lombok:jar:1.18.34:provided
[DEBUG]    org.springframework.boot:spring-boot-starter-test:jar:3.5.4:test
[DEBUG]       org.springframework.boot:spring-boot-test:jar:3.5.4:test (version managed from 3.5.4)
[DEBUG]       org.springframework.boot:spring-boot-test-autoconfigure:jar:3.5.4:test (version managed from 3.5.4)
[DEBUG]       com.jayway.jsonpath:json-path:jar:2.9.0:test (version managed from 2.9.0)
[DEBUG]          org.slf4j:slf4j-api:jar:2.0.17:compile (version managed from 2.0.11)
[DEBUG]       jakarta.xml.bind:jakarta.xml.bind-api:jar:4.0.2:runtime (version managed from 4.0.2)
[DEBUG]          jakarta.activation:jakarta.activation-api:jar:2.1.3:runtime (version managed from 2.1.3)
[DEBUG]       net.minidev:json-smart:jar:2.5.2:test (version managed from 2.5.2)
[DEBUG]          net.minidev:accessors-smart:jar:2.5.2:test
[DEBUG]             org.ow2.asm:asm:jar:9.7.1:test
[DEBUG]       org.assertj:assertj-core:jar:3.27.3:test (version managed from 3.27.3)
[DEBUG]       org.awaitility:awaitility:jar:4.2.2:test (version managed from 4.2.2)
[DEBUG]       org.hamcrest:hamcrest:jar:3.0:test (version managed from 3.0)
[DEBUG]       org.junit.jupiter:junit-jupiter:jar:5.12.2:test (version managed from 5.12.2)
[DEBUG]          org.junit.jupiter:junit-jupiter-api:jar:5.12.2:test (version managed from 5.12.2)
[DEBUG]             org.opentest4j:opentest4j:jar:1.3.0:test
[DEBUG]             org.junit.platform:junit-platform-commons:jar:1.12.2:test (version managed from 1.12.2)
[DEBUG]             org.apiguardian:apiguardian-api:jar:1.1.2:test
[DEBUG]          org.junit.jupiter:junit-jupiter-params:jar:5.12.2:test (version managed from 5.12.2)
[DEBUG]          org.junit.jupiter:junit-jupiter-engine:jar:5.12.2:test (version managed from 5.12.2)
[DEBUG]             org.junit.platform:junit-platform-engine:jar:1.12.2:test (version managed from 1.12.2)
[DEBUG]       org.mockito:mockito-core:jar:5.17.0:test (version managed from 5.17.0)
[DEBUG]          net.bytebuddy:byte-buddy-agent:jar:1.17.6:test (version managed from 1.15.11)
[DEBUG]          org.objenesis:objenesis:jar:3.3:test
[DEBUG]       org.mockito:mockito-junit-jupiter:jar:5.17.0:test (version managed from 5.17.0)
[DEBUG]       org.skyscreamer:jsonassert:jar:1.5.3:test (version managed from 1.5.3)
[DEBUG]          com.vaadin.external.google:android-json:jar:0.0.20131108.vaadin1:test
[DEBUG]       org.springframework:spring-core:jar:6.2.9:compile (version managed from 6.2.9)
[DEBUG]          org.springframework:spring-jcl:jar:6.2.9:compile (version managed from 6.2.9)
[DEBUG]       org.springframework:spring-test:jar:6.2.9:test (version managed from 6.2.9)
[DEBUG]       org.xmlunit:xmlunit-core:jar:2.10.3:test (version managed from 2.10.3)
[DEBUG]    jakarta.persistence:jakarta.persistence-api:jar:3.1.0:compile
[DEBUG]    org.hibernate.orm:hibernate-core:jar:6.5.2.Final:compile
[DEBUG]       jakarta.transaction:jakarta.transaction-api:jar:2.0.1:compile (version managed from 2.0.1)
[DEBUG]       org.jboss.logging:jboss-logging:jar:3.6.1.Final:runtime (version managed from 3.5.0.Final)
[DEBUG]       org.hibernate.common:hibernate-commons-annotations:jar:6.0.6.Final:runtime
[DEBUG]       io.smallrye:jandex:jar:3.1.2:runtime
[DEBUG]       com.fasterxml:classmate:jar:1.7.0:runtime (version managed from 1.5.1)
[DEBUG]       net.bytebuddy:byte-buddy:jar:1.17.6:runtime (version managed from 1.14.15)
[DEBUG]       org.glassfish.jaxb:jaxb-runtime:jar:4.0.5:runtime (version managed from 4.0.2)
[DEBUG]          org.glassfish.jaxb:jaxb-core:jar:4.0.5:runtime (version managed from 4.0.5)
[DEBUG]             org.eclipse.angus:angus-activation:jar:2.0.2:runtime (version managed from 2.0.2)
[DEBUG]             org.glassfish.jaxb:txw2:jar:4.0.5:runtime (version managed from 4.0.5)
[DEBUG]             com.sun.istack:istack-commons-runtime:jar:4.1.2:runtime (version managed from 4.1.2)
[DEBUG]       jakarta.inject:jakarta.inject-api:jar:2.0.1:runtime (version managed from 2.0.1)
[DEBUG]       org.antlr:antlr4-runtime:jar:4.13.0:compile
[DEBUG]    com.oracle.database.jdbc:ojdbc11:jar:23.3.0.23.09:compile
[DEBUG]    org.springframework.boot:spring-boot-starter-data-jpa:jar:3.5.4:compile
[DEBUG]       org.springframework.boot:spring-boot-starter-jdbc:jar:3.5.4:compile (version managed from 3.5.4)
[DEBUG]          com.zaxxer:HikariCP:jar:6.3.1:compile (version managed from 6.3.1)
[DEBUG]          org.springframework:spring-jdbc:jar:6.2.9:compile (version managed from 6.2.9)
[DEBUG]       org.springframework.data:spring-data-jpa:jar:3.5.2:compile (version managed from 3.5.2)
[DEBUG]          org.springframework.data:spring-data-commons:jar:3.5.2:compile (version managed from 3.5.2)
[DEBUG]          org.springframework:spring-orm:jar:6.2.9:compile (version managed from 6.2.9)
[DEBUG]          org.springframework:spring-tx:jar:6.2.9:compile (version managed from 6.2.9)
[DEBUG]       org.springframework:spring-aspects:jar:6.2.9:compile (version managed from 6.2.9)
[DEBUG]          org.aspectj:aspectjweaver:jar:1.9.24:compile (version managed from 1.9.22.1)
[DEBUG]    org.springframework.boot:spring-boot-starter-security:jar:3.5.4:compile
[DEBUG]       org.springframework:spring-aop:jar:6.2.9:compile (version managed from 6.2.9)
[DEBUG]       org.springframework.security:spring-security-config:jar:6.5.2:compile (version managed from 6.5.2)
[DEBUG]          org.springframework.security:spring-security-core:jar:6.5.2:compile (version managed from 6.5.2)
[DEBUG]             org.springframework.security:spring-security-crypto:jar:6.5.2:compile (version managed from 6.5.2)
[DEBUG]       org.springframework.security:spring-security-web:jar:6.5.2:compile (version managed from 6.5.2)
[DEBUG]    io.jsonwebtoken:jjwt:jar:0.12.5:compile
[DEBUG]       io.jsonwebtoken:jjwt-api:jar:0.12.5:compile
[DEBUG]       io.jsonwebtoken:jjwt-impl:jar:0.12.5:runtime
[DEBUG]       io.jsonwebtoken:jjwt-jackson:jar:0.12.5:runtime
[DEBUG]    org.mapstruct:mapstruct:jar:1.6.2:compile
[DEBUG]    jakarta.validation:jakarta.validation-api:jar:3.0.2:compile
[INFO] 
[INFO] --- clean:3.4.1:clean (default-clean) @ Reservation-System ---
[DEBUG] Dependency collection stats {ConflictMarker.analyzeTime=30673, ConflictMarker.markTime=59910, ConflictMarker.nodeCount=2, ConflictIdSorter.graphTime=5010, ConflictIdSorter.topsortTime=8134, ConflictIdSorter.conflictIdCount=2, ConflictIdSorter.conflictIdCycleCount=0, ConflictResolver.totalTime=74261, ConflictResolver.conflictItemCount=2, DfDependencyCollector.collectTime=6541691, DfDependencyCollector.transformTime=193069}
[DEBUG] org.apache.maven.plugins:maven-clean-plugin:jar:3.4.1
[DEBUG]    org.codehaus.plexus:plexus-utils:jar:4.0.1:compile
[DEBUG] Created new class realm plugin>org.apache.maven.plugins:maven-clean-plugin:3.4.1
[DEBUG] Importing foreign packages into class realm plugin>org.apache.maven.plugins:maven-clean-plugin:3.4.1
[DEBUG]   Imported:  < maven.api
[DEBUG] Populating class realm plugin>org.apache.maven.plugins:maven-clean-plugin:3.4.1
[DEBUG]   Included: org.apache.maven.plugins:maven-clean-plugin:jar:3.4.1
[DEBUG]   Included: org.codehaus.plexus:plexus-utils:jar:4.0.1
[DEBUG] Loading mojo org.apache.maven.plugins:maven-clean-plugin:3.4.1:clean from plugin realm ClassRealm[plugin>org.apache.maven.plugins:maven-clean-plugin:3.4.1, parent: jdk.internal.loader.ClassLoaders$AppClassLoader@c387f44]
[DEBUG] Configuring mojo execution 'org.apache.maven.plugins:maven-clean-plugin:3.4.1:clean:default-clean' with basic configurator -->
[DEBUG]   (f) directory = /home/artur/projects/inzynierka/Reservation-System/target
[DEBUG]   (f) excludeDefaultDirectories = false
[DEBUG]   (f) failOnError = true
[DEBUG]   (f) fast = false
[DEBUG]   (f) fastMode = background
[DEBUG]   (f) followSymLinks = false
[DEBUG]   (f) outputDirectory = /home/artur/projects/inzynierka/Reservation-System/target/classes
[DEBUG]   (f) reportDirectory = /home/artur/projects/inzynierka/Reservation-System/target/classes
[DEBUG]   (f) retryOnError = true
[DEBUG]   (f) session = org.apache.maven.execution.MavenSession@65c33b92
[DEBUG]   (f) skip = false
[DEBUG]   (f) testOutputDirectory = /home/artur/projects/inzynierka/Reservation-System/target/test-classes
[DEBUG] -- end configuration --
[INFO] Deleting /home/artur/projects/inzynierka/Reservation-System/target
[INFO] Deleting file /home/artur/projects/inzynierka/Reservation-System/target/generated-sources/annotations/com/reservio/reservation_system/presentation/mapper/AuthMapperImpl.java
[INFO] Deleting file /home/artur/projects/inzynierka/Reservation-System/target/generated-sources/annotations/com/reservio/reservation_system/presentation/mapper/RoomMapperImpl.java
[INFO] Deleting file /home/artur/projects/inzynierka/Reservation-System/target/generated-sources/annotations/com/reservio/reservation_system/presentation/mapper/ReservationMapperImpl.java
[INFO] Deleting file /home/artur/projects/inzynierka/Reservation-System/target/generated-sources/annotations/com/reservio/reservation_system/presentation/mapper/UserMapperImpl.java
[INFO] Deleting directory /home/artur/projects/inzynierka/Reservation-System/target/generated-sources/annotations/com/reservio/reservation_system/presentation/mapper
[INFO] Deleting directory /home/artur/projects/inzynierka/Reservation-System/target/generated-sources/annotations/com/reservio/reservation_system/presentation
[INFO] Deleting directory /home/artur/projects/inzynierka/Reservation-System/target/generated-sources/annotations/com/reservio/reservation_system
[INFO] Deleting directory /home/artur/projects/inzynierka/Reservation-System/target/generated-sources/annotations/com/reservio
[INFO] Deleting directory /home/artur/projects/inzynierka/Reservation-System/target/generated-sources/annotations/com
[INFO] Deleting directory /home/artur/projects/inzynierka/Reservation-System/target/generated-sources/annotations
[INFO] Deleting directory /home/artur/projects/inzynierka/Reservation-System/target/generated-sources
[INFO] Deleting file /home/artur/projects/inzynierka/Reservation-System/target/maven-status/maven-compiler-plugin/compile/default-compile/createdFiles.lst
[INFO] Deleting file /home/artur/projects/inzynierka/Reservation-System/target/maven-status/maven-compiler-plugin/compile/default-compile/inputFiles.lst
[INFO] Deleting directory /home/artur/projects/inzynierka/Reservation-System/target/maven-status/maven-compiler-plugin/compile/default-compile
[INFO] Deleting directory /home/artur/projects/inzynierka/Reservation-System/target/maven-status/maven-compiler-plugin/compile
[INFO] Deleting directory /home/artur/projects/inzynierka/Reservation-System/target/maven-status/maven-compiler-plugin
[INFO] Deleting directory /home/artur/projects/inzynierka/Reservation-System/target/maven-status
[INFO] Deleting file /home/artur/projects/inzynierka/Reservation-System/target/classes/db/payment_methods_instert.sql
[INFO] Deleting file /home/artur/projects/inzynierka/Reservation-System/target/classes/db/payment_statuses_insert.sql
[INFO] Deleting file /home/artur/projects/inzynierka/Reservation-System/target/classes/db/room_type_amenities.sql
[INFO] Deleting file /home/artur/projects/inzynierka/Reservation-System/target/classes/db/init.sql
[INFO] Deleting file /home/artur/projects/inzynierka/Reservation-System/target/classes/db/insert_statuses.sql
[INFO] Deleting file /home/artur/projects/inzynierka/Reservation-System/target/classes/db/init_values.sql
[INFO] Deleting file /home/artur/projects/inzynierka/Reservation-System/target/classes/db/user_roles_insert.sql
[INFO] Deleting file /home/artur/projects/inzynierka/Reservation-System/target/classes/db/room_insert.sql
[INFO] Deleting file /home/artur/projects/inzynierka/Reservation-System/target/classes/db/dbscheme.png
[INFO] Deleting file /home/artur/projects/inzynierka/Reservation-System/target/classes/db/reservations_insert.sql
[INFO] Deleting file /home/artur/projects/inzynierka/Reservation-System/target/classes/db/room_amenities_insert.sql
[INFO] Deleting file /home/artur/projects/inzynierka/Reservation-System/target/classes/db/amenities_insert.sql
[INFO] Deleting file /home/artur/projects/inzynierka/Reservation-System/target/classes/db/room_types_insert.sql
[INFO] Deleting file /home/artur/projects/inzynierka/Reservation-System/target/classes/db/reservation_statuses_insert.sql
[INFO] Deleting file /home/artur/projects/inzynierka/Reservation-System/target/classes/db/countries_insert.sql
[INFO] Deleting directory /home/artur/projects/inzynierka/Reservation-System/target/classes/db
[INFO] Deleting file /home/artur/projects/inzynierka/Reservation-System/target/classes/application-hd.properties
[INFO] Deleting file /home/artur/projects/inzynierka/Reservation-System/target/classes/application-rs.properties
[INFO] Deleting file /home/artur/projects/inzynierka/Reservation-System/target/classes/application.properties
[INFO] Deleting directory /home/artur/projects/inzynierka/Reservation-System/target/classes
[INFO] Deleting directory /home/artur/projects/inzynierka/Reservation-System/target
[DEBUG] Skipping non-existing directory /home/artur/projects/inzynierka/Reservation-System/target/classes
[DEBUG] Skipping non-existing directory /home/artur/projects/inzynierka/Reservation-System/target/test-classes
[DEBUG] Skipping non-existing directory /home/artur/projects/inzynierka/Reservation-System/target/classes
[INFO] 
[INFO] --- resources:3.3.1:resources (default-resources) @ Reservation-System ---
[DEBUG] Dependency collection stats {ConflictMarker.analyzeTime=63101, ConflictMarker.markTime=15038, ConflictMarker.nodeCount=13, ConflictIdSorter.graphTime=12011, ConflictIdSorter.topsortTime=9428, ConflictIdSorter.conflictIdCount=9, ConflictIdSorter.conflictIdCycleCount=0, ConflictResolver.totalTime=154800, ConflictResolver.conflictItemCount=13, DfDependencyCollector.collectTime=26062748, DfDependencyCollector.transformTime=270748}
[DEBUG] org.apache.maven.plugins:maven-resources-plugin:jar:3.3.1
[DEBUG]    org.codehaus.plexus:plexus-interpolation:jar:1.26:runtime
[DEBUG]    org.codehaus.plexus:plexus-utils:jar:3.5.1:compile
[DEBUG]    org.apache.maven.shared:maven-filtering:jar:3.3.1:compile
[DEBUG]       javax.inject:javax.inject:jar:1:compile
[DEBUG]       org.slf4j:slf4j-api:jar:1.7.36:compile
[DEBUG]       org.sonatype.plexus:plexus-build-api:jar:0.0.7:compile
[DEBUG]    commons-io:commons-io:jar:2.11.0:compile
[DEBUG]    org.apache.commons:commons-lang3:jar:3.12.0:compile
[DEBUG] Created new class realm plugin>org.apache.maven.plugins:maven-resources-plugin:3.3.1
[DEBUG] Importing foreign packages into class realm plugin>org.apache.maven.plugins:maven-resources-plugin:3.3.1
[DEBUG]   Imported:  < maven.api
[DEBUG] Populating class realm plugin>org.apache.maven.plugins:maven-resources-plugin:3.3.1
[DEBUG]   Included: org.apache.maven.plugins:maven-resources-plugin:jar:3.3.1
[DEBUG]   Included: org.codehaus.plexus:plexus-interpolation:jar:1.26
[DEBUG]   Included: org.codehaus.plexus:plexus-utils:jar:3.5.1
[DEBUG]   Included: org.apache.maven.shared:maven-filtering:jar:3.3.1
[DEBUG]   Included: org.sonatype.plexus:plexus-build-api:jar:0.0.7
[DEBUG]   Included: commons-io:commons-io:jar:2.11.0
[DEBUG]   Included: org.apache.commons:commons-lang3:jar:3.12.0
[DEBUG] Loading mojo org.apache.maven.plugins:maven-resources-plugin:3.3.1:resources from plugin realm ClassRealm[plugin>org.apache.maven.plugins:maven-resources-plugin:3.3.1, parent: jdk.internal.loader.ClassLoaders$AppClassLoader@c387f44]
[DEBUG] Configuring mojo execution 'org.apache.maven.plugins:maven-resources-plugin:3.3.1:resources:default-resources' with basic configurator -->
[DEBUG]   (f) addDefaultExcludes = true
[DEBUG]   (f) buildFilters = []
[DEBUG]   (s) delimiters = [@]
[DEBUG]   (f) encoding = UTF-8
[DEBUG]   (f) escapeWindowsPaths = true
[DEBUG]   (f) fileNameFiltering = false
[DEBUG]   (s) includeEmptyDirs = false
[DEBUG]   (s) outputDirectory = /home/artur/projects/inzynierka/Reservation-System/target/classes
[DEBUG]   (s) overwrite = false
[DEBUG]   (f) project = MavenProject: com.reservio:Reservation-System:1.0.0-SNAPSHOT @ /home/artur/projects/inzynierka/Reservation-System/pom.xml
[DEBUG]   (f) propertiesEncoding = UTF-8
[DEBUG]   (s) resources = [Resource {targetPath: null, filtering: true, FileSet {directory: /home/artur/projects/inzynierka/Reservation-System/src/main/resources, PatternSet [includes: {**/application*.yml, **/application*.yaml, **/application*.properties}, excludes: {}]}}, Resource {targetPath: null, filtering: false, FileSet {directory: /home/artur/projects/inzynierka/Reservation-System/src/main/resources, PatternSet [includes: {}, excludes: {**/application*.yml, **/application*.yaml, **/application*.properties}]}}]
[DEBUG]   (f) session = org.apache.maven.execution.MavenSession@65c33b92
[DEBUG]   (f) skip = false
[DEBUG]   (f) supportMultiLineFiltering = false
[DEBUG]   (f) useBuildFilters = true
[DEBUG]   (s) useDefaultDelimiters = false
[DEBUG] -- end configuration --
[DEBUG] properties used:
[DEBUG] activemq.version: 6.1.7
[DEBUG] angus-mail.version: 2.0.3
[DEBUG] artemis.version: 2.40.0
[DEBUG] aspectj.version: 1.9.24
[DEBUG] assertj.version: 3.27.3
[DEBUG] awaitility.version: 4.2.2
[DEBUG] brave.version: 6.1.0
[DEBUG] build-helper-maven-plugin.version: 3.6.1
[DEBUG] byte-buddy.version: 1.17.6
[DEBUG] cache2k.version: 2.6.1.Final
[DEBUG] caffeine.version: 3.2.2
[DEBUG] cassandra-driver.version: 4.19.0
[DEBUG] classmate.version: 1.7.0
[DEBUG] classworlds.conf: /usr/share/java/maven/bin/m2.conf
[DEBUG] commons-codec.version: 1.18.0
[DEBUG] commons-dbcp2.version: 2.13.0
[DEBUG] commons-lang3.version: 3.17.0
[DEBUG] commons-pool.version: 1.6
[DEBUG] commons-pool2.version: 2.12.1
[DEBUG] couchbase-client.version: 3.8.2
[DEBUG] crac.version: 1.5.0
[DEBUG] cyclonedx-maven-plugin.version: 2.9.1
[DEBUG] db2-jdbc.version: 12.1.2.0
[DEBUG] dependency-management-plugin.version: 1.1.7
[DEBUG] derby.version: 10.16.1.1
[DEBUG] ehcache3.version: 3.10.8
[DEBUG] elasticsearch-client.version: 8.18.1
[DEBUG] env.BROWSER: firefox
[DEBUG] env.DBUS_SESSION_BUS_ADDRESS: unix:path=/run/user/1000/bus
[DEBUG] env.DEBUGINFOD_URLS: https://debuginfod.archlinux.org 
[DEBUG] env.DISPLAY: :0
[DEBUG] env.EDITOR: nvim
[DEBUG] env.FIG_TERM: 1
[DEBUG] env.GIO_LAUNCHED_DESKTOP_FILE: /usr/share/applications/jetbrains-idea.desktop
[DEBUG] env.GIO_LAUNCHED_DESKTOP_FILE_PID: 2104
[DEBUG] env.HOME: /home/artur
[DEBUG] env.I3SOCK: /run/user/1000/sway-ipc.1000.1323.sock
[DEBUG] env.INVOCATION_ID: 478f83088cb849c7a4f36de75e113a8d
[DEBUG] env.JAVA_HOME: /usr/lib/jvm/java-21-openjdk
[DEBUG] env.LANG: en_US.UTF-8
[DEBUG] env.LC_ADDRESS: pl_PL.UTF-8
[DEBUG] env.LC_IDENTIFICATION: pl_PL.UTF-8
[DEBUG] env.LC_MEASUREMENT: pl_PL.UTF-8
[DEBUG] env.LC_MONETARY: pl_PL.UTF-8
[DEBUG] env.LC_NAME: pl_PL.UTF-8
[DEBUG] env.LC_NUMERIC: pl_PL.UTF-8
[DEBUG] env.LC_PAPER: pl_PL.UTF-8
[DEBUG] env.LC_TELEPHONE: pl_PL.UTF-8
[DEBUG] env.LC_TIME: pl_PL.UTF-8
[DEBUG] env.LESS: -R
[DEBUG] env.LOGNAME: artur
[DEBUG] env.LSCOLORS: Gxfxcxdxbxegedabagacad
[DEBUG] env.LS_COLORS: rs=0:di=01;34:ln=01;36:mh=00:pi=40;33:so=01;35:do=01;35:bd=40;33;01:cd=40;33;01:or=40;31;01:mi=00:su=37;41:sg=30;43:ca=00:tw=30;42:ow=34;42:st=37;44:ex=01;32:*.7z=01;31:*.ace=01;31:*.alz=01;31:*.apk=01;31:*.arc=01;31:*.arj=01;31:*.bz=01;31:*.bz2=01;31:*.cab=01;31:*.cpio=01;31:*.crate=01;31:*.deb=01;31:*.drpm=01;31:*.dwm=01;31:*.dz=01;31:*.ear=01;31:*.egg=01;31:*.esd=01;31:*.gz=01;31:*.jar=01;31:*.lha=01;31:*.lrz=01;31:*.lz=01;31:*.lz4=01;31:*.lzh=01;31:*.lzma=01;31:*.lzo=01;31:*.pyz=01;31:*.rar=01;31:*.rpm=01;31:*.rz=01;31:*.sar=01;31:*.swm=01;31:*.t7z=01;31:*.tar=01;31:*.taz=01;31:*.tbz=01;31:*.tbz2=01;31:*.tgz=01;31:*.tlz=01;31:*.txz=01;31:*.tz=01;31:*.tzo=01;31:*.tzst=01;31:*.udeb=01;31:*.war=01;31:*.whl=01;31:*.wim=01;31:*.xz=01;31:*.z=01;31:*.zip=01;31:*.zoo=01;31:*.zst=01;31:*.avif=01;35:*.jpg=01;35:*.jpeg=01;35:*.jxl=01;35:*.mjpg=01;35:*.mjpeg=01;35:*.gif=01;35:*.bmp=01;35:*.pbm=01;35:*.pgm=01;35:*.ppm=01;35:*.tga=01;35:*.xbm=01;35:*.xpm=01;35:*.tif=01;35:*.tiff=01;35:*.png=01;35:*.svg=01;35:*.svgz=01;35:*.mng=01;35:*.pcx=01;35:*.mov=01;35:*.mpg=01;35:*.mpeg=01;35:*.m2v=01;35:*.mkv=01;35:*.webm=01;35:*.webp=01;35:*.ogm=01;35:*.mp4=01;35:*.m4v=01;35:*.mp4v=01;35:*.vob=01;35:*.qt=01;35:*.nuv=01;35:*.wmv=01;35:*.asf=01;35:*.rm=01;35:*.rmvb=01;35:*.flc=01;35:*.avi=01;35:*.fli=01;35:*.flv=01;35:*.gl=01;35:*.dl=01;35:*.xcf=01;35:*.xwd=01;35:*.yuv=01;35:*.cgm=01;35:*.emf=01;35:*.ogv=01;35:*.ogx=01;35:*.aac=00;36:*.au=00;36:*.flac=00;36:*.m4a=00;36:*.mid=00;36:*.midi=00;36:*.mka=00;36:*.mp3=00;36:*.mpc=00;36:*.ogg=00;36:*.ra=00;36:*.wav=00;36:*.oga=00;36:*.opus=00;36:*.spx=00;36:*.xspf=00;36:*~=00;90:*#=00;90:*.bak=00;90:*.crdownload=00;90:*.dpkg-dist=00;90:*.dpkg-new=00;90:*.dpkg-old=00;90:*.dpkg-tmp=00;90:*.old=00;90:*.orig=00;90:*.part=00;90:*.rej=00;90:*.rpmnew=00;90:*.rpmorig=00;90:*.rpmsave=00;90:*.swp=00;90:*.tmp=00;90:*.ucf-dist=00;90:*.ucf-new=00;90:*.ucf-old=00;90:
[DEBUG] env.MAIL: /var/spool/mail/artur
[DEBUG] env.MAVEN_CMD_LINE_ARGS:  clean compile -X
[DEBUG] env.MAVEN_PROJECTBASEDIR: /home/artur/projects/inzynierka/Reservation-System
[DEBUG] env.MEMORY_PRESSURE_WATCH: /sys/fs/cgroup/system.slice/ly.service/memory.pressure
[DEBUG] env.MEMORY_PRESSURE_WRITE: c29tZSAyMDAwMDAgMjAwMDAwMAA=
[DEBUG] env.MOTD_SHOWN: pam
[DEBUG] env.OLDPWD: /home/artur/projects/inzynierka/Reservation-System
[DEBUG] env.P9K_SSH: 0
[DEBUG] env.P9K_TTY: old
[DEBUG] env.PAGER: less
[DEBUG] env.PATH: /usr/local/sbin:/usr/local/bin:/usr/sbin:/usr/bin:/sbin:/bin:/var/lib/flatpak/exports/bin:/usr/lib/jvm/default/bin:/usr/bin/site_perl:/usr/bin/vendor_perl:/usr/bin/core_perl:/usr/lib/jvm/java-21-openjdk/bin
[DEBUG] env.PROCESS_LAUNCHED_BY_CW: 1
[DEBUG] env.PROCESS_LAUNCHED_BY_Q: 1
[DEBUG] env.PWD: /home/artur/projects/inzynierka/Reservation-System
[DEBUG] env.SHELL: /usr/bin/zsh
[DEBUG] env.SHLVL: 1
[DEBUG] env.SWAYSOCK: /run/user/1000/sway-ipc.1000.1323.sock
[DEBUG] env.SYSTEMD_EXEC_PID: 964
[DEBUG] env.TERM: xterm-256color
[DEBUG] env.TERMINAL_EMULATOR: JetBrains-JediTerm
[DEBUG] env.TERM_SESSION_ID: 641af848-02a2-4a70-8822-93c3aa574acb
[DEBUG] env.USER: artur
[DEBUG] env.WAYLAND_DISPLAY: wayland-1
[DEBUG] env.XCURSOR_SIZE: 24
[DEBUG] env.XDG_ACTIVATION_TOKEN: 1f4d2c4b97eba1038aa8045f430cd26e
[DEBUG] env.XDG_CURRENT_DESKTOP: sway:wlroots
[DEBUG] env.XDG_DATA_DIRS: /home/artur/.local/share/flatpak/exports/share:/var/lib/flatpak/exports/share:/usr/local/share/:/usr/share/
[DEBUG] env.XDG_RUNTIME_DIR: /run/user/1000
[DEBUG] env.XDG_SEAT: seat0
[DEBUG] env.XDG_SESSION_CLASS: user
[DEBUG] env.XDG_SESSION_DESKTOP: sway
[DEBUG] env.XDG_SESSION_ID: c1
[DEBUG] env.XDG_SESSION_TYPE: wayland
[DEBUG] env.XDG_VTNR: 2
[DEBUG] env.ZSH: /home/artur/.oh-my-zsh
[DEBUG] env._P9K_SSH_TTY: /dev/pts/1
[DEBUG] env._P9K_TTY: /dev/pts/1
[DEBUG] file.encoding: UTF-8
[DEBUG] file.separator: /
[DEBUG] flyway.version: 11.7.2
[DEBUG] freemarker.version: 2.3.34
[DEBUG] git-commit-id-maven-plugin.version: 9.0.2
[DEBUG] glassfish-jaxb.version: 4.0.5
[DEBUG] glassfish-jstl.version: 3.0.1
[DEBUG] graphql-java.version: 24.1
[DEBUG] groovy.version: 4.0.28
[DEBUG] gson.version: 2.13.1
[DEBUG] h2.version: 2.3.232
[DEBUG] hamcrest.version: 3.0
[DEBUG] hazelcast.version: 5.5.0
[DEBUG] hibernate-validator.version: 8.0.2.Final
[DEBUG] hibernate.version: 6.6.22.Final
[DEBUG] hikaricp.version: 6.3.1
[DEBUG] hsqldb.version: 2.7.3
[DEBUG] htmlunit.version: 4.11.1
[DEBUG] httpasyncclient.version: 4.1.5
[DEBUG] httpclient5.version: 5.5
[DEBUG] httpcore.version: 4.4.16
[DEBUG] httpcore5.version: 5.3.4
[DEBUG] infinispan.version: 15.2.5.Final
[DEBUG] influxdb-java.version: 2.25
[DEBUG] jackson-bom.version: 2.19.2
[DEBUG] jakarta-activation.version: 2.1.3
[DEBUG] jakarta-annotation.version: 2.1.1
[DEBUG] jakarta-inject.version: 2.0.1
[DEBUG] jakarta-jms.version: 3.1.0
[DEBUG] jakarta-json-bind.version: 3.0.1
[DEBUG] jakarta-json.version: 2.1.3
[DEBUG] jakarta-mail.version: 2.1.3
[DEBUG] jakarta-management.version: 1.1.4
[DEBUG] jakarta-persistence.version: 3.1.0
[DEBUG] jakarta-servlet-jsp-jstl.version: 3.0.2
[DEBUG] jakarta-servlet.version: 6.0.0
[DEBUG] jakarta-transaction.version: 2.0.1
[DEBUG] jakarta-validation.version: 3.0.2
[DEBUG] jakarta-websocket.version: 2.1.1
[DEBUG] jakarta-ws-rs.version: 3.1.0
[DEBUG] jakarta-xml-bind.version: 4.0.2
[DEBUG] jakarta-xml-soap.version: 3.0.2
[DEBUG] jakarta-xml-ws.version: 4.0.2
[DEBUG] janino.version: 3.1.12
[DEBUG] java.class.path: /usr/share/java/maven/boot/plexus-classworlds-2.9.0.jar
[DEBUG] java.class.version: 65.0
[DEBUG] java.home: /usr/lib/jvm/java-21-openjdk
[DEBUG] java.io.tmpdir: /tmp
[DEBUG] java.library.path: /usr/java/packages/lib:/usr/lib64:/lib64:/lib:/usr/lib
[DEBUG] java.runtime.name: OpenJDK Runtime Environment
[DEBUG] java.runtime.version: 21.0.9+10
[DEBUG] java.specification.name: Java Platform API Specification
[DEBUG] java.specification.vendor: Oracle Corporation
[DEBUG] java.specification.version: 21
[DEBUG] java.vendor: Arch Linux
[DEBUG] java.vendor.url: https://openjdk.org/
[DEBUG] java.vendor.url.bug: https://bugreport.java.com/bugreport/
[DEBUG] java.version: 21.0.9
[DEBUG] java.version.date: 2025-10-21
[DEBUG] java.vm.compressedOopsMode: Zero based
[DEBUG] java.vm.info: mixed mode, sharing
[DEBUG] java.vm.name: OpenJDK 64-Bit Server VM
[DEBUG] java.vm.specification.name: Java Virtual Machine Specification
[DEBUG] java.vm.specification.vendor: Oracle Corporation
[DEBUG] java.vm.specification.version: 21
[DEBUG] java.vm.vendor: Arch Linux
[DEBUG] java.vm.version: 21.0.9+10
[DEBUG] javax-cache.version: 1.1.1
[DEBUG] javax-money.version: 1.1
[DEBUG] jaxen.version: 2.0.0
[DEBUG] jaybird.version: 6.0.2
[DEBUG] jboss-logging.version: 3.6.1.Final
[DEBUG] jdk.debug: release
[DEBUG] jdom2.version: 2.0.6.1
[DEBUG] jedis.version: 6.0.0
[DEBUG] jersey.version: 3.1.10
[DEBUG] jetty-reactive-httpclient.version: 4.0.10
[DEBUG] jetty.version: 12.0.23
[DEBUG] jmustache.version: 1.16
[DEBUG] jooq.version: 3.19.24
[DEBUG] json-path.version: 2.9.0
[DEBUG] json-smart.version: 2.5.2
[DEBUG] jsonassert.version: 1.5.3
[DEBUG] jtds.version: 1.3.1
[DEBUG] junit-jupiter.version: 5.12.2
[DEBUG] junit.version: 4.13.2
[DEBUG] kafka.version: 3.9.1
[DEBUG] kotlin-coroutines.version: 1.8.1
[DEBUG] kotlin-serialization.version: 1.6.3
[DEBUG] kotlin.version: 1.9.25
[DEBUG] lettuce.version: 6.6.0.RELEASE
[DEBUG] library.jansi.path: /usr/share/java/maven/lib/jansi-native
[DEBUG] line.separator: 

[DEBUG] liquibase.version: 4.31.1
[DEBUG] log4j2.version: 2.24.3
[DEBUG] logback.version: 1.5.18
[DEBUG] lombok.version: 1.18.34
[DEBUG] mapstruct.version: 1.6.2
[DEBUG] mariadb.version: 3.5.4
[DEBUG] maven-antrun-plugin.version: 3.1.0
[DEBUG] maven-assembly-plugin.version: 3.7.1
[DEBUG] maven-clean-plugin.version: 3.4.1
[DEBUG] maven-compiler-plugin.version: 3.14.0
[DEBUG] maven-dependency-plugin.version: 3.8.1
[DEBUG] maven-deploy-plugin.version: 3.1.4
[DEBUG] maven-enforcer-plugin.version: 3.5.0
[DEBUG] maven-failsafe-plugin.version: 3.5.3
[DEBUG] maven-help-plugin.version: 3.5.1
[DEBUG] maven-install-plugin.version: 3.1.4
[DEBUG] maven-invoker-plugin.version: 3.9.1
[DEBUG] maven-jar-plugin.version: 3.4.2
[DEBUG] maven-javadoc-plugin.version: 3.11.2
[DEBUG] maven-resources-plugin.version: 3.3.1
[DEBUG] maven-shade-plugin.version: 3.6.0
[DEBUG] maven-source-plugin.version: 3.3.1
[DEBUG] maven-surefire-plugin.version: 3.5.3
[DEBUG] maven-war-plugin.version: 3.4.0
[DEBUG] maven.build.timestamp: 2025-10-25T15:22:27Z
[DEBUG] maven.build.version: Apache Maven 3.9.11 (3e54c93a704957b63ee3494413a2b544fd3d825b)
[DEBUG] maven.compiler.release: 21
[DEBUG] maven.conf: /usr/share/java/maven/conf
[DEBUG] maven.home: /usr/share/java/maven
[DEBUG] maven.multiModuleProjectDirectory: /home/artur/projects/inzynierka/Reservation-System
[DEBUG] maven.version: 3.9.11
[DEBUG] micrometer-tracing.version: 1.5.2
[DEBUG] micrometer.version: 1.15.2
[DEBUG] mockito.version: 5.17.0
[DEBUG] mongodb.version: 5.5.1
[DEBUG] mssql-jdbc.version: 12.10.1.jre11
[DEBUG] mysql.version: 9.3.0
[DEBUG] native-build-tools-plugin.version: 0.10.6
[DEBUG] native.encoding: UTF-8
[DEBUG] nekohtml.version: 1.9.22
[DEBUG] neo4j-java-driver.version: 5.28.9
[DEBUG] netty.version: 4.1.123.Final
[DEBUG] opentelemetry.version: 1.49.0
[DEBUG] oracle-database.version: 23.7.0.25.01
[DEBUG] oracle-r2dbc.version: 1.3.0
[DEBUG] os.arch: amd64
[DEBUG] os.name: Linux
[DEBUG] os.version: 6.17.5-arch1-1
[DEBUG] path.separator: :
[DEBUG] pooled-jms.version: 3.1.7
[DEBUG] postgresql.version: 42.7.7
[DEBUG] project.baseUri: file:/home/artur/projects/inzynierka/Reservation-System/
[DEBUG] project.build.sourceEncoding: UTF-8
[DEBUG] project.reporting.outputEncoding: UTF-8
[DEBUG] prometheus-client.version: 1.3.10
[DEBUG] prometheus-simpleclient.version: 0.16.0
[DEBUG] pulsar-reactive.version: 0.6.0
[DEBUG] pulsar.version: 4.0.5
[DEBUG] quartz.version: 2.5.0
[DEBUG] querydsl.version: 5.1.0
[DEBUG] r2dbc-h2.version: 1.0.0.RELEASE
[DEBUG] r2dbc-mariadb.version: 1.3.0
[DEBUG] r2dbc-mssql.version: 1.0.2.RELEASE
[DEBUG] r2dbc-mysql.version: 1.4.1
[DEBUG] r2dbc-pool.version: 1.0.2.RELEASE
[DEBUG] r2dbc-postgresql.version: 1.0.7.RELEASE
[DEBUG] r2dbc-proxy.version: 1.1.6.RELEASE
[DEBUG] r2dbc-spi.version: 1.0.0.RELEASE
[DEBUG] rabbit-amqp-client.version: 5.25.0
[DEBUG] rabbit-stream-client.version: 0.23.0
[DEBUG] reactive-streams.version: 1.0.4
[DEBUG] reactor-bom.version: 2024.0.8
[DEBUG] resource.delimiter: @
[DEBUG] rest-assured.version: 5.5.5
[DEBUG] rsocket.version: 1.1.5
[DEBUG] rxjava3.version: 3.1.11
[DEBUG] saaj-impl.version: 3.0.4
[DEBUG] selenium-htmlunit.version: 4.30.0
[DEBUG] selenium.version: 4.31.0
[DEBUG] sendgrid.version: 4.10.3
[DEBUG] slf4j.version: 2.0.17
[DEBUG] snakeyaml.version: 2.4
[DEBUG] spring-amqp.version: 3.2.6
[DEBUG] spring-authorization-server.version: 1.5.1
[DEBUG] spring-batch.version: 5.2.2
[DEBUG] spring-boot.run.main-class: ${start-class}
[DEBUG] spring-data-bom.version: 2025.0.2
[DEBUG] spring-framework.version: 6.2.9
[DEBUG] spring-graphql.version: 1.4.1
[DEBUG] spring-hateoas.version: 2.5.1
[DEBUG] spring-integration.version: 6.5.1
[DEBUG] spring-kafka.version: 3.3.8
[DEBUG] spring-ldap.version: 3.3.2
[DEBUG] spring-pulsar.version: 1.2.8
[DEBUG] spring-restdocs.version: 3.0.4
[DEBUG] spring-retry.version: 2.0.12
[DEBUG] spring-security.version: 6.5.2
[DEBUG] spring-session.version: 3.5.1
[DEBUG] spring-ws.version: 4.1.1
[DEBUG] sqlite-jdbc.version: 3.49.1.0
[DEBUG] stderr.encoding: UTF-8
[DEBUG] stdout.encoding: UTF-8
[DEBUG] sun.arch.data.model: 64
[DEBUG] sun.boot.library.path: /usr/lib/jvm/java-21-openjdk/lib
[DEBUG] sun.cpu.endian: little
[DEBUG] sun.io.unicode.encoding: UnicodeLittle
[DEBUG] sun.java.command: org.codehaus.plexus.classworlds.launcher.Launcher clean compile -X
[DEBUG] sun.java.launcher: SUN_STANDARD
[DEBUG] sun.jnu.encoding: UTF-8
[DEBUG] sun.management.compiler: HotSpot 64-Bit Tiered Compilers
[DEBUG] testcontainers-redis-module.version: 2.2.4
[DEBUG] testcontainers.version: 1.21.3
[DEBUG] thymeleaf-extras-data-attribute.version: 2.0.1
[DEBUG] thymeleaf-extras-springsecurity.version: 3.1.3.RELEASE
[DEBUG] thymeleaf-layout-dialect.version: 3.4.0
[DEBUG] thymeleaf.version: 3.1.3.RELEASE
[DEBUG] tomcat.version: 10.1.43
[DEBUG] unboundid-ldapsdk.version: 7.0.3
[DEBUG] undertow.version: 2.3.18.Final
[DEBUG] user.country: US
[DEBUG] user.dir: /home/artur/projects/inzynierka/Reservation-System
[DEBUG] user.home: /home/artur
[DEBUG] user.language: en
[DEBUG] user.name: artur
[DEBUG] versions-maven-plugin.version: 2.18.0
[DEBUG] vibur.version: 26.0
[DEBUG] webjars-locator-core.version: 0.59
[DEBUG] webjars-locator-lite.version: 1.1.0
[DEBUG] wsdl4j.version: 1.6.3
[DEBUG] xml-maven-plugin.version: 1.1.0
[DEBUG] xmlunit2.version: 2.10.3
[DEBUG] yasson.version: 3.0.4
[DEBUG] zipkin-reporter.version: 3.5.1
[DEBUG] Using 'UTF-8' encoding to copy filtered resources.
[DEBUG] Using 'UTF-8' encoding to copy filtered properties files.
[DEBUG] resource with targetPath null
directory /home/artur/projects/inzynierka/Reservation-System/src/main/resources
excludes []
includes [**/application*.yml, **/application*.yaml, **/application*.properties]
[DEBUG] ignoreDelta true
[INFO] Copying 3 resources from src/main/resources to target/classes
[DEBUG] Copying file application-hd.properties
[DEBUG] file application-hd.properties has a filtered file extension
[DEBUG] Using 'UTF-8' encoding to copy filtered resource 'application-hd.properties'.
[DEBUG] filtering /home/artur/projects/inzynierka/Reservation-System/src/main/resources/application-hd.properties to /home/artur/projects/inzynierka/Reservation-System/target/classes/application-hd.properties
[DEBUG] Copying file application-rs.properties
[DEBUG] file application-rs.properties has a filtered file extension
[DEBUG] Using 'UTF-8' encoding to copy filtered resource 'application-rs.properties'.
[DEBUG] filtering /home/artur/projects/inzynierka/Reservation-System/src/main/resources/application-rs.properties to /home/artur/projects/inzynierka/Reservation-System/target/classes/application-rs.properties
[DEBUG] Copying file application.properties
[DEBUG] file application.properties has a filtered file extension
[DEBUG] Using 'UTF-8' encoding to copy filtered resource 'application.properties'.
[DEBUG] filtering /home/artur/projects/inzynierka/Reservation-System/src/main/resources/application.properties to /home/artur/projects/inzynierka/Reservation-System/target/classes/application.properties
[DEBUG] resource with targetPath null
directory /home/artur/projects/inzynierka/Reservation-System/src/main/resources
excludes [**/application*.yml, **/application*.yaml, **/application*.properties]
includes []
[DEBUG] ignoreDelta true
[INFO] Copying 15 resources from src/main/resources to target/classes
[DEBUG] Copying file db/payment_methods_instert.sql
[DEBUG] file payment_methods_instert.sql has a filtered file extension
[DEBUG] Using 'UTF-8' encoding to copy filtered resource 'payment_methods_instert.sql'.
[DEBUG] copy /home/artur/projects/inzynierka/Reservation-System/src/main/resources/db/payment_methods_instert.sql to /home/artur/projects/inzynierka/Reservation-System/target/classes/db/payment_methods_instert.sql
[DEBUG] Copying file db/payment_statuses_insert.sql
[DEBUG] file payment_statuses_insert.sql has a filtered file extension
[DEBUG] Using 'UTF-8' encoding to copy filtered resource 'payment_statuses_insert.sql'.
[DEBUG] copy /home/artur/projects/inzynierka/Reservation-System/src/main/resources/db/payment_statuses_insert.sql to /home/artur/projects/inzynierka/Reservation-System/target/classes/db/payment_statuses_insert.sql
[DEBUG] Copying file db/room_type_amenities.sql
[DEBUG] file room_type_amenities.sql has a filtered file extension
[DEBUG] Using 'UTF-8' encoding to copy filtered resource 'room_type_amenities.sql'.
[DEBUG] copy /home/artur/projects/inzynierka/Reservation-System/src/main/resources/db/room_type_amenities.sql to /home/artur/projects/inzynierka/Reservation-System/target/classes/db/room_type_amenities.sql
[DEBUG] Copying file db/init.sql
[DEBUG] file init.sql has a filtered file extension
[DEBUG] Using 'UTF-8' encoding to copy filtered resource 'init.sql'.
[DEBUG] copy /home/artur/projects/inzynierka/Reservation-System/src/main/resources/db/init.sql to /home/artur/projects/inzynierka/Reservation-System/target/classes/db/init.sql
[DEBUG] Copying file db/insert_statuses.sql
[DEBUG] file insert_statuses.sql has a filtered file extension
[DEBUG] Using 'UTF-8' encoding to copy filtered resource 'insert_statuses.sql'.
[DEBUG] copy /home/artur/projects/inzynierka/Reservation-System/src/main/resources/db/insert_statuses.sql to /home/artur/projects/inzynierka/Reservation-System/target/classes/db/insert_statuses.sql
[DEBUG] Copying file db/init_values.sql
[DEBUG] file init_values.sql has a filtered file extension
[DEBUG] Using 'UTF-8' encoding to copy filtered resource 'init_values.sql'.
[DEBUG] copy /home/artur/projects/inzynierka/Reservation-System/src/main/resources/db/init_values.sql to /home/artur/projects/inzynierka/Reservation-System/target/classes/db/init_values.sql
[DEBUG] Copying file db/user_roles_insert.sql
[DEBUG] file user_roles_insert.sql has a filtered file extension
[DEBUG] Using 'UTF-8' encoding to copy filtered resource 'user_roles_insert.sql'.
[DEBUG] copy /home/artur/projects/inzynierka/Reservation-System/src/main/resources/db/user_roles_insert.sql to /home/artur/projects/inzynierka/Reservation-System/target/classes/db/user_roles_insert.sql
[DEBUG] Copying file db/room_insert.sql
[DEBUG] file room_insert.sql has a filtered file extension
[DEBUG] Using 'UTF-8' encoding to copy filtered resource 'room_insert.sql'.
[DEBUG] copy /home/artur/projects/inzynierka/Reservation-System/src/main/resources/db/room_insert.sql to /home/artur/projects/inzynierka/Reservation-System/target/classes/db/room_insert.sql
[DEBUG] Copying file db/dbscheme.png
[DEBUG] file dbscheme.png has a non filtered file extension
[DEBUG] Using 'UTF-8' encoding to copy filtered resource 'dbscheme.png'.
[DEBUG] copy /home/artur/projects/inzynierka/Reservation-System/src/main/resources/db/dbscheme.png to /home/artur/projects/inzynierka/Reservation-System/target/classes/db/dbscheme.png
[DEBUG] Copying file db/reservations_insert.sql
[DEBUG] file reservations_insert.sql has a filtered file extension
[DEBUG] Using 'UTF-8' encoding to copy filtered resource 'reservations_insert.sql'.
[DEBUG] copy /home/artur/projects/inzynierka/Reservation-System/src/main/resources/db/reservations_insert.sql to /home/artur/projects/inzynierka/Reservation-System/target/classes/db/reservations_insert.sql
[DEBUG] Copying file db/room_amenities_insert.sql
[DEBUG] file room_amenities_insert.sql has a filtered file extension
[DEBUG] Using 'UTF-8' encoding to copy filtered resource 'room_amenities_insert.sql'.
[DEBUG] copy /home/artur/projects/inzynierka/Reservation-System/src/main/resources/db/room_amenities_insert.sql to /home/artur/projects/inzynierka/Reservation-System/target/classes/db/room_amenities_insert.sql
[DEBUG] Copying file db/amenities_insert.sql
[DEBUG] file amenities_insert.sql has a filtered file extension
[DEBUG] Using 'UTF-8' encoding to copy filtered resource 'amenities_insert.sql'.
[DEBUG] copy /home/artur/projects/inzynierka/Reservation-System/src/main/resources/db/amenities_insert.sql to /home/artur/projects/inzynierka/Reservation-System/target/classes/db/amenities_insert.sql
[DEBUG] Copying file db/room_types_insert.sql
[DEBUG] file room_types_insert.sql has a filtered file extension
[DEBUG] Using 'UTF-8' encoding to copy filtered resource 'room_types_insert.sql'.
[DEBUG] copy /home/artur/projects/inzynierka/Reservation-System/src/main/resources/db/room_types_insert.sql to /home/artur/projects/inzynierka/Reservation-System/target/classes/db/room_types_insert.sql
[DEBUG] Copying file db/reservation_statuses_insert.sql
[DEBUG] file reservation_statuses_insert.sql has a filtered file extension
[DEBUG] Using 'UTF-8' encoding to copy filtered resource 'reservation_statuses_insert.sql'.
[DEBUG] copy /home/artur/projects/inzynierka/Reservation-System/src/main/resources/db/reservation_statuses_insert.sql to /home/artur/projects/inzynierka/Reservation-System/target/classes/db/reservation_statuses_insert.sql
[DEBUG] Copying file db/countries_insert.sql
[DEBUG] file countries_insert.sql has a filtered file extension
[DEBUG] Using 'UTF-8' encoding to copy filtered resource 'countries_insert.sql'.
[DEBUG] copy /home/artur/projects/inzynierka/Reservation-System/src/main/resources/db/countries_insert.sql to /home/artur/projects/inzynierka/Reservation-System/target/classes/db/countries_insert.sql
[DEBUG] no user filter components
[INFO] 
[INFO] --- compiler:3.14.0:compile (default-compile) @ Reservation-System ---
[DEBUG] Using mirror maven-default-http-blocker (http://0.0.0.0/) for apache.snapshots (http://repository.apache.org/snapshots).
[DEBUG] Dependency collection stats {ConflictMarker.analyzeTime=117079, ConflictMarker.markTime=26127, ConflictMarker.nodeCount=22, ConflictIdSorter.graphTime=63721, ConflictIdSorter.topsortTime=16328, ConflictIdSorter.conflictIdCount=14, ConflictIdSorter.conflictIdCycleCount=0, ConflictResolver.totalTime=219775, ConflictResolver.conflictItemCount=22, DfDependencyCollector.collectTime=28681220, DfDependencyCollector.transformTime=461719}
[DEBUG] org.apache.maven.plugins:maven-compiler-plugin:jar:3.14.0
[DEBUG]    org.apache.maven.shared:maven-shared-utils:jar:3.4.2:compile
[DEBUG]       org.slf4j:slf4j-api:jar:1.7.36:compile
[DEBUG]       commons-io:commons-io:jar:2.11.0:compile
[DEBUG]    org.apache.maven.shared:maven-shared-incremental:jar:1.1:compile
[DEBUG]    org.codehaus.plexus:plexus-java:jar:1.4.0:compile
[DEBUG]       org.ow2.asm:asm:jar:9.7.1:compile
[DEBUG]       com.thoughtworks.qdox:qdox:jar:2.2.0:compile
[DEBUG]    org.codehaus.plexus:plexus-compiler-api:jar:2.15.0:compile
[DEBUG]    org.codehaus.plexus:plexus-compiler-manager:jar:2.15.0:compile
[DEBUG]       javax.inject:javax.inject:jar:1:compile
[DEBUG]       org.codehaus.plexus:plexus-xml:jar:3.0.1:compile (version managed from default)
[DEBUG]    org.codehaus.plexus:plexus-compiler-javac:jar:2.15.0:runtime
[DEBUG]    org.codehaus.plexus:plexus-utils:jar:4.0.1:compile
[DEBUG] Created new class realm plugin>org.apache.maven.plugins:maven-compiler-plugin:3.14.0
[DEBUG] Importing foreign packages into class realm plugin>org.apache.maven.plugins:maven-compiler-plugin:3.14.0
[DEBUG]   Imported:  < maven.api
[DEBUG] Populating class realm plugin>org.apache.maven.plugins:maven-compiler-plugin:3.14.0
[DEBUG]   Included: org.apache.maven.plugins:maven-compiler-plugin:jar:3.14.0
[DEBUG]   Included: org.apache.maven.shared:maven-shared-utils:jar:3.4.2
[DEBUG]   Included: commons-io:commons-io:jar:2.11.0
[DEBUG]   Included: org.apache.maven.shared:maven-shared-incremental:jar:1.1
[DEBUG]   Included: org.codehaus.plexus:plexus-java:jar:1.4.0
[DEBUG]   Included: org.ow2.asm:asm:jar:9.7.1
[DEBUG]   Included: com.thoughtworks.qdox:qdox:jar:2.2.0
[DEBUG]   Included: org.codehaus.plexus:plexus-compiler-api:jar:2.15.0
[DEBUG]   Included: org.codehaus.plexus:plexus-compiler-manager:jar:2.15.0
[DEBUG]   Included: org.codehaus.plexus:plexus-xml:jar:3.0.1
[DEBUG]   Included: org.codehaus.plexus:plexus-compiler-javac:jar:2.15.0
[DEBUG]   Included: org.codehaus.plexus:plexus-utils:jar:4.0.1
[DEBUG] Loading mojo org.apache.maven.plugins:maven-compiler-plugin:3.14.0:compile from plugin realm ClassRealm[plugin>org.apache.maven.plugins:maven-compiler-plugin:3.14.0, parent: jdk.internal.loader.ClassLoaders$AppClassLoader@c387f44]
[DEBUG] Configuring mojo execution 'org.apache.maven.plugins:maven-compiler-plugin:3.14.0:compile:default-compile' with basic configurator -->
[DEBUG]   (s) groupId = org.projectlombok
[DEBUG]   (s) artifactId = lombok
[DEBUG]   (s) version = 1.18.34
[DEBUG]   (s) groupId = org.mapstruct
[DEBUG]   (s) artifactId = mapstruct-processor
[DEBUG]   (s) version = 1.6.2
[DEBUG]   (f) annotationProcessorPaths = [org.projectlombok:lombok:1.18.34.jar, org.mapstruct:mapstruct-processor:1.6.2.jar]
[DEBUG]   (f) annotationProcessorPathsUseDepMgmt = false
[DEBUG]   (f) basedir = /home/artur/projects/inzynierka/Reservation-System
[DEBUG]   (f) buildDirectory = /home/artur/projects/inzynierka/Reservation-System/target
[DEBUG]   (f) compilePath = [/home/artur/projects/inzynierka/Reservation-System/target/classes, /home/artur/.m2/repository/org/springframework/boot/spring-boot-starter-web/3.5.4/spring-boot-starter-web-3.5.4.jar, /home/artur/.m2/repository/org/springframework/boot/spring-boot-starter/3.5.4/spring-boot-starter-3.5.4.jar, /home/artur/.m2/repository/org/springframework/boot/spring-boot/3.5.4/spring-boot-3.5.4.jar, /home/artur/.m2/repository/org/springframework/boot/spring-boot-autoconfigure/3.5.4/spring-boot-autoconfigure-3.5.4.jar, /home/artur/.m2/repository/org/springframework/boot/spring-boot-starter-logging/3.5.4/spring-boot-starter-logging-3.5.4.jar, /home/artur/.m2/repository/ch/qos/logback/logback-classic/1.5.18/logback-classic-1.5.18.jar, /home/artur/.m2/repository/ch/qos/logback/logback-core/1.5.18/logback-core-1.5.18.jar, /home/artur/.m2/repository/org/apache/logging/log4j/log4j-to-slf4j/2.24.3/log4j-to-slf4j-2.24.3.jar, /home/artur/.m2/repository/org/apache/logging/log4j/log4j-api/2.24.3/log4j-api-2.24.3.jar, /home/artur/.m2/repository/org/slf4j/jul-to-slf4j/2.0.17/jul-to-slf4j-2.0.17.jar, /home/artur/.m2/repository/jakarta/annotation/jakarta.annotation-api/2.1.1/jakarta.annotation-api-2.1.1.jar, /home/artur/.m2/repository/org/yaml/snakeyaml/2.4/snakeyaml-2.4.jar, /home/artur/.m2/repository/org/springframework/boot/spring-boot-starter-json/3.5.4/spring-boot-starter-json-3.5.4.jar, /home/artur/.m2/repository/com/fasterxml/jackson/core/jackson-databind/2.19.2/jackson-databind-2.19.2.jar, /home/artur/.m2/repository/com/fasterxml/jackson/core/jackson-annotations/2.19.2/jackson-annotations-2.19.2.jar, /home/artur/.m2/repository/com/fasterxml/jackson/core/jackson-core/2.19.2/jackson-core-2.19.2.jar, /home/artur/.m2/repository/com/fasterxml/jackson/datatype/jackson-datatype-jdk8/2.19.2/jackson-datatype-jdk8-2.19.2.jar, /home/artur/.m2/repository/com/fasterxml/jackson/datatype/jackson-datatype-jsr310/2.19.2/jackson-datatype-jsr310-2.19.2.jar, /home/artur/.m2/repository/com/fasterxml/jackson/module/jackson-module-parameter-names/2.19.2/jackson-module-parameter-names-2.19.2.jar, /home/artur/.m2/repository/org/springframework/boot/spring-boot-starter-tomcat/3.5.4/spring-boot-starter-tomcat-3.5.4.jar, /home/artur/.m2/repository/org/apache/tomcat/embed/tomcat-embed-core/10.1.43/tomcat-embed-core-10.1.43.jar, /home/artur/.m2/repository/org/apache/tomcat/embed/tomcat-embed-el/10.1.43/tomcat-embed-el-10.1.43.jar, /home/artur/.m2/repository/org/apache/tomcat/embed/tomcat-embed-websocket/10.1.43/tomcat-embed-websocket-10.1.43.jar, /home/artur/.m2/repository/org/springframework/spring-web/6.2.9/spring-web-6.2.9.jar, /home/artur/.m2/repository/org/springframework/spring-beans/6.2.9/spring-beans-6.2.9.jar, /home/artur/.m2/repository/io/micrometer/micrometer-observation/1.15.2/micrometer-observation-1.15.2.jar, /home/artur/.m2/repository/io/micrometer/micrometer-commons/1.15.2/micrometer-commons-1.15.2.jar, /home/artur/.m2/repository/org/springframework/spring-webmvc/6.2.9/spring-webmvc-6.2.9.jar, /home/artur/.m2/repository/org/springframework/spring-context/6.2.9/spring-context-6.2.9.jar, /home/artur/.m2/repository/org/springframework/spring-expression/6.2.9/spring-expression-6.2.9.jar, /home/artur/.m2/repository/org/projectlombok/lombok/1.18.34/lombok-1.18.34.jar, /home/artur/.m2/repository/org/slf4j/slf4j-api/2.0.17/slf4j-api-2.0.17.jar, /home/artur/.m2/repository/org/springframework/spring-core/6.2.9/spring-core-6.2.9.jar, /home/artur/.m2/repository/org/springframework/spring-jcl/6.2.9/spring-jcl-6.2.9.jar, /home/artur/.m2/repository/jakarta/persistence/jakarta.persistence-api/3.1.0/jakarta.persistence-api-3.1.0.jar, /home/artur/.m2/repository/org/hibernate/orm/hibernate-core/6.5.2.Final/hibernate-core-6.5.2.Final.jar, /home/artur/.m2/repository/jakarta/transaction/jakarta.transaction-api/2.0.1/jakarta.transaction-api-2.0.1.jar, /home/artur/.m2/repository/org/antlr/antlr4-runtime/4.13.0/antlr4-runtime-4.13.0.jar, /home/artur/.m2/repository/com/oracle/database/jdbc/ojdbc11/23.3.0.23.09/ojdbc11-23.3.0.23.09.jar, /home/artur/.m2/repository/org/springframework/boot/spring-boot-starter-data-jpa/3.5.4/spring-boot-starter-data-jpa-3.5.4.jar, /home/artur/.m2/repository/org/springframework/boot/spring-boot-starter-jdbc/3.5.4/spring-boot-starter-jdbc-3.5.4.jar, /home/artur/.m2/repository/com/zaxxer/HikariCP/6.3.1/HikariCP-6.3.1.jar, /home/artur/.m2/repository/org/springframework/spring-jdbc/6.2.9/spring-jdbc-6.2.9.jar, /home/artur/.m2/repository/org/springframework/data/spring-data-jpa/3.5.2/spring-data-jpa-3.5.2.jar, /home/artur/.m2/repository/org/springframework/data/spring-data-commons/3.5.2/spring-data-commons-3.5.2.jar, /home/artur/.m2/repository/org/springframework/spring-orm/6.2.9/spring-orm-6.2.9.jar, /home/artur/.m2/repository/org/springframework/spring-tx/6.2.9/spring-tx-6.2.9.jar, /home/artur/.m2/repository/org/springframework/spring-aspects/6.2.9/spring-aspects-6.2.9.jar, /home/artur/.m2/repository/org/aspectj/aspectjweaver/1.9.24/aspectjweaver-1.9.24.jar, /home/artur/.m2/repository/org/springframework/boot/spring-boot-starter-security/3.5.4/spring-boot-starter-security-3.5.4.jar, /home/artur/.m2/repository/org/springframework/spring-aop/6.2.9/spring-aop-6.2.9.jar, /home/artur/.m2/repository/org/springframework/security/spring-security-config/6.5.2/spring-security-config-6.5.2.jar, /home/artur/.m2/repository/org/springframework/security/spring-security-core/6.5.2/spring-security-core-6.5.2.jar, /home/artur/.m2/repository/org/springframework/security/spring-security-crypto/6.5.2/spring-security-crypto-6.5.2.jar, /home/artur/.m2/repository/org/springframework/security/spring-security-web/6.5.2/spring-security-web-6.5.2.jar, /home/artur/.m2/repository/io/jsonwebtoken/jjwt/0.12.5/jjwt-0.12.5.jar, /home/artur/.m2/repository/io/jsonwebtoken/jjwt-api/0.12.5/jjwt-api-0.12.5.jar, /home/artur/.m2/repository/org/mapstruct/mapstruct/1.6.2/mapstruct-1.6.2.jar, /home/artur/.m2/repository/jakarta/validation/jakarta.validation-api/3.0.2/jakarta.validation-api-3.0.2.jar]
[DEBUG]   (f) compileSourceRoots = [/home/artur/projects/inzynierka/Reservation-System/src/main/java]
[DEBUG]   (f) compilerId = javac
[DEBUG]   (f) createMissingPackageInfoClass = true
[DEBUG]   (f) debug = true
[DEBUG]   (f) debugFileName = javac
[DEBUG]   (f) enablePreview = false
[DEBUG]   (f) encoding = UTF-8
[DEBUG]   (f) failOnError = true
[DEBUG]   (f) failOnWarning = false
[DEBUG]   (f) fileExtensions = [jar, class]
[DEBUG]   (f) forceJavacCompilerUse = false
[DEBUG]   (f) forceLegacyJavacApi = false
[DEBUG]   (f) fork = false
[DEBUG]   (f) generatedSourcesDirectory = /home/artur/projects/inzynierka/Reservation-System/target/generated-sources/annotations
[DEBUG]   (f) moduleVersion = 1.0.0-SNAPSHOT
[DEBUG]   (f) mojoExecution = org.apache.maven.plugins:maven-compiler-plugin:3.14.0:compile {execution: default-compile}
[DEBUG]   (f) optimize = false
[DEBUG]   (f) outputDirectory = /home/artur/projects/inzynierka/Reservation-System/target/classes
[DEBUG]   (f) parameters = true
[DEBUG]   (f) project = MavenProject: com.reservio:Reservation-System:1.0.0-SNAPSHOT @ /home/artur/projects/inzynierka/Reservation-System/pom.xml
[DEBUG]   (f) projectArtifact = com.reservio:Reservation-System:jar:1.0.0-SNAPSHOT
[DEBUG]   (s) release = 21
[DEBUG]   (f) session = org.apache.maven.execution.MavenSession@65c33b92
[DEBUG]   (f) showCompilationChanges = false
[DEBUG]   (f) showDeprecation = false
[DEBUG]   (f) showWarnings = true
[DEBUG]   (f) skipMultiThreadWarning = false
[DEBUG]   (f) source = 21
[DEBUG]   (f) staleMillis = 0
[DEBUG]   (s) target = 21
[DEBUG]   (f) useIncrementalCompilation = true
[DEBUG]   (f) verbose = false
[DEBUG] -- end configuration --
[DEBUG] Using compiler 'javac'.
[DEBUG] Adding /home/artur/projects/inzynierka/Reservation-System/target/generated-sources/annotations to compile source roots:
  /home/artur/projects/inzynierka/Reservation-System/src/main/java
[DEBUG] New compile source roots:
  /home/artur/projects/inzynierka/Reservation-System/src/main/java
  /home/artur/projects/inzynierka/Reservation-System/target/generated-sources/annotations
[DEBUG] Dependency collection stats {ConflictMarker.analyzeTime=15791, ConflictMarker.markTime=10491, ConflictMarker.nodeCount=3, ConflictIdSorter.graphTime=9373, ConflictIdSorter.topsortTime=4596, ConflictIdSorter.conflictIdCount=2, ConflictIdSorter.conflictIdCycleCount=0, ConflictResolver.totalTime=43503, ConflictResolver.conflictItemCount=2, DfDependencyCollector.collectTime=1991658, DfDependencyCollector.transformTime=94339}
[DEBUG] CompilerReuseStrategy: reuseCreated
[DEBUG] useIncrementalCompilation enabled
[INFO] 	Stale source detected: /home/artur/projects/inzynierka/Reservation-System/src/main/java/com/reservio/reservation_system/infrastructure/entity/ReservationEntity.java
[INFO] 	Stale source detected: /home/artur/projects/inzynierka/Reservation-System/src/main/java/com/reservio/reservation_system/infrastructure/entity/RoomEntity.java
[INFO] 	Stale source detected: /home/artur/projects/inzynierka/Reservation-System/src/main/java/com/reservio/reservation_system/domain/exception/EmailAlreadyExistsException.java
[INFO] 	Stale source detected: /home/artur/projects/inzynierka/Reservation-System/src/main/java/com/reservio/reservation_system/presentation/dto/reservation/RoomReservationDto.java
[INFO] 	Stale source detected: /home/artur/projects/inzynierka/Reservation-System/src/main/java/com/reservio/reservation_system/presentation/mapper/RoomMapper.java
[INFO] 	Stale source detected: /home/artur/projects/inzynierka/Reservation-System/src/main/java/com/reservio/reservation_system/domain/model/Payment.java
[INFO] 	Stale source detected: /home/artur/projects/inzynierka/Reservation-System/src/main/java/com/reservio/reservation_system/infrastructure/security/UserAuthenticator.java
[INFO] 	Stale source detected: /home/artur/projects/inzynierka/Reservation-System/src/main/java/com/reservio/reservation_system/presentation/exception/ErrorResponse.java
[INFO] 	Stale source detected: /home/artur/projects/inzynierka/Reservation-System/src/main/java/com/reservio/reservation_system/presentation/dto/room/AvailableRoomTypeDto.java
[INFO] 	Stale source detected: /home/artur/projects/inzynierka/Reservation-System/src/main/java/com/reservio/reservation_system/domain/model/User.java
[INFO] 	Stale source detected: /home/artur/projects/inzynierka/Reservation-System/src/main/java/com/reservio/reservation_system/domain/service/ReportService.java
[INFO] 	Stale source detected: /home/artur/projects/inzynierka/Reservation-System/src/main/java/com/reservio/reservation_system/infrastructure/entity/UserRoleEntity.java
[INFO] 	Stale source detected: /home/artur/projects/inzynierka/Reservation-System/src/main/java/com/reservio/reservation_system/domain/repository/UserDao.java
[INFO] 	Stale source detected: /home/artur/projects/inzynierka/Reservation-System/src/main/java/com/reservio/reservation_system/presentation/exception/GlobalExceptionHandler.java
[INFO] 	Stale source detected: /home/artur/projects/inzynierka/Reservation-System/src/main/java/com/reservio/reservation_system/infrastructure/entity/PaymentStatusEntity.java
[INFO] 	Stale source detected: /home/artur/projects/inzynierka/Reservation-System/src/main/java/com/reservio/reservation_system/presentation/controller/RoomController.java
[INFO] 	Stale source detected: /home/artur/projects/inzynierka/Reservation-System/src/main/java/com/reservio/reservation_system/presentation/dto/register/RegisterRequestDto.java
[INFO] 	Stale source detected: /home/artur/projects/inzynierka/Reservation-System/src/main/java/com/reservio/reservation_system/infrastructure/security/JwtUtils.java
[INFO] 	Stale source detected: /home/artur/projects/inzynierka/Reservation-System/src/main/java/com/reservio/reservation_system/presentation/mapper/ReservationMapper.java
[INFO] 	Stale source detected: /home/artur/projects/inzynierka/Reservation-System/src/main/java/com/reservio/reservation_system/presentation/controller/ReservationController.java
[INFO] 	Stale source detected: /home/artur/projects/inzynierka/Reservation-System/src/main/java/com/reservio/reservation_system/presentation/mapper/AuthMapper.java
[INFO] 	Stale source detected: /home/artur/projects/inzynierka/Reservation-System/src/main/java/com/reservio/reservation_system/domain/model/UserRole.java
[INFO] 	Stale source detected: /home/artur/projects/inzynierka/Reservation-System/src/main/java/com/reservio/reservation_system/domain/repository/ReservationDao.java
[INFO] 	Stale source detected: /home/artur/projects/inzynierka/Reservation-System/src/main/java/com/reservio/reservation_system/domain/exception/ReservationException.java
[INFO] 	Stale source detected: /home/artur/projects/inzynierka/Reservation-System/src/main/java/com/reservio/reservation_system/infrastructure/entity/UserEntity.java
[INFO] 	Stale source detected: /home/artur/projects/inzynierka/Reservation-System/src/main/java/com/reservio/reservation_system/infrastructure/entity/ReservationStatusEntity.java
[INFO] 	Stale source detected: /home/artur/projects/inzynierka/Reservation-System/src/main/java/com/reservio/reservation_system/infrastructure/user/RegistrationManager.java
[INFO] 	Stale source detected: /home/artur/projects/inzynierka/Reservation-System/src/main/java/com/reservio/reservation_system/domain/repository/RoomTypeDao.java
[INFO] 	Stale source detected: /home/artur/projects/inzynierka/Reservation-System/src/main/java/com/reservio/reservation_system/presentation/dto/room/RoomSlotDto.java
[INFO] 	Stale source detected: /home/artur/projects/inzynierka/Reservation-System/src/main/java/com/reservio/reservation_system/infrastructure/security/SecurityConfig.java
[INFO] 	Stale source detected: /home/artur/projects/inzynierka/Reservation-System/src/main/java/com/reservio/reservation_system/domain/model/Reservation.java
[INFO] 	Stale source detected: /home/artur/projects/inzynierka/Reservation-System/src/main/java/com/reservio/reservation_system/infrastructure/entity/RoomTypeEntity.java
[INFO] 	Stale source detected: /home/artur/projects/inzynierka/Reservation-System/src/main/java/com/reservio/reservation_system/domain/repository/RoomDao.java
[INFO] 	Stale source detected: /home/artur/projects/inzynierka/Reservation-System/src/main/java/com/reservio/reservation_system/ReservationSystemApplication.java
[INFO] 	Stale source detected: /home/artur/projects/inzynierka/Reservation-System/src/main/java/com/reservio/reservation_system/infrastructure/entity/PaymentEntity.java
[INFO] 	Stale source detected: /home/artur/projects/inzynierka/Reservation-System/src/main/java/com/reservio/reservation_system/presentation/dto/reservation/DeskReservationRequestDto.java
[INFO] 	Stale source detected: /home/artur/projects/inzynierka/Reservation-System/src/main/java/com/reservio/reservation_system/infrastructure/entity/AmenityEntity.java
[INFO] 	Stale source detected: /home/artur/projects/inzynierka/Reservation-System/src/main/java/com/reservio/reservation_system/infrastructure/security/JwtAuthenticationFilter.java
[INFO] 	Stale source detected: /home/artur/projects/inzynierka/Reservation-System/src/main/java/com/reservio/reservation_system/infrastructure/entity/RoomTypeAmenityEntity.java
[INFO] 	Stale source detected: /home/artur/projects/inzynierka/Reservation-System/src/main/java/com/reservio/reservation_system/presentation/dto/room/RoomDetailsDto.java
[INFO] 	Stale source detected: /home/artur/projects/inzynierka/Reservation-System/src/main/java/com/reservio/reservation_system/domain/service/RoomTypeService.java
[INFO] 	Stale source detected: /home/artur/projects/inzynierka/Reservation-System/src/main/java/com/reservio/reservation_system/presentation/controller/RoomTypeController.java
[INFO] 	Stale source detected: /home/artur/projects/inzynierka/Reservation-System/src/main/java/com/reservio/reservation_system/presentation/dto/user/UserDto.java
[INFO] 	Stale source detected: /home/artur/projects/inzynierka/Reservation-System/src/main/java/com/reservio/reservation_system/domain/service/RoomService.java
[INFO] 	Stale source detected: /home/artur/projects/inzynierka/Reservation-System/src/main/java/com/reservio/reservation_system/domain/model/Room.java
[INFO] 	Stale source detected: /home/artur/projects/inzynierka/Reservation-System/src/main/java/com/reservio/reservation_system/infrastructure/entity/CountryEntity.java
[INFO] 	Stale source detected: /home/artur/projects/inzynierka/Reservation-System/src/main/java/com/reservio/reservation_system/infrastructure/dao/UserDaoImpl.java
[INFO] 	Stale source detected: /home/artur/projects/inzynierka/Reservation-System/src/main/java/com/reservio/reservation_system/domain/repository/UserRoleDao.java
[INFO] 	Stale source detected: /home/artur/projects/inzynierka/Reservation-System/src/main/java/com/reservio/reservation_system/presentation/mapper/RoomTypeMapper.java
[INFO] 	Stale source detected: /home/artur/projects/inzynierka/Reservation-System/src/main/java/com/reservio/reservation_system/domain/service/ReservationService.java
[INFO] 	Stale source detected: /home/artur/projects/inzynierka/Reservation-System/src/main/java/com/reservio/reservation_system/presentation/dto/reservation/DeskReservationResponseDto.java
[INFO] 	Stale source detected: /home/artur/projects/inzynierka/Reservation-System/src/main/java/com/reservio/reservation_system/presentation/dto/auth/LoginRequestDto.java
[INFO] 	Stale source detected: /home/artur/projects/inzynierka/Reservation-System/src/main/java/com/reservio/reservation_system/presentation/dto/report/RoomOccupancyReportDto.java
[INFO] 	Stale source detected: /home/artur/projects/inzynierka/Reservation-System/src/main/java/com/reservio/reservation_system/presentation/mapper/UserMapper.java
[INFO] 	Stale source detected: /home/artur/projects/inzynierka/Reservation-System/src/main/java/com/reservio/reservation_system/domain/exception/InvalidCredentialsException.java
[INFO] 	Stale source detected: /home/artur/projects/inzynierka/Reservation-System/src/main/java/com/reservio/reservation_system/presentation/controller/ReportController.java
[INFO] 	Stale source detected: /home/artur/projects/inzynierka/Reservation-System/src/main/java/com/reservio/reservation_system/presentation/dto/report/PaymentReportDto.java
[INFO] 	Stale source detected: /home/artur/projects/inzynierka/Reservation-System/src/main/java/com/reservio/reservation_system/presentation/dto/room/RoomDto.java
[INFO] 	Stale source detected: /home/artur/projects/inzynierka/Reservation-System/src/main/java/com/reservio/reservation_system/presentation/dto/reservation/UserReservationDto.java
[INFO] 	Stale source detected: /home/artur/projects/inzynierka/Reservation-System/src/main/java/com/reservio/reservation_system/infrastructure/entity/PaymentMethodEntity.java
[INFO] 	Stale source detected: /home/artur/projects/inzynierka/Reservation-System/src/main/java/com/reservio/reservation_system/presentation/dto/auth/LoginResponseDto.java
[INFO] 	Stale source detected: /home/artur/projects/inzynierka/Reservation-System/src/main/java/com/reservio/reservation_system/presentation/controller/AuthController.java
[INFO] 	Stale source detected: /home/artur/projects/inzynierka/Reservation-System/src/main/java/com/reservio/reservation_system/infrastructure/specification/RoomSpecification.java
[INFO] 	Input tree files (+): /home/artur/projects/inzynierka/Reservation-System/src/main/java/com/reservio/reservation_system/ReservationSystemApplication.java
[INFO] 	Input tree files (+): /home/artur/projects/inzynierka/Reservation-System/src/main/java/com/reservio/reservation_system/domain/exception/EmailAlreadyExistsException.java
[INFO] 	Input tree files (+): /home/artur/projects/inzynierka/Reservation-System/src/main/java/com/reservio/reservation_system/domain/exception/InvalidCredentialsException.java
[INFO] 	Input tree files (+): /home/artur/projects/inzynierka/Reservation-System/src/main/java/com/reservio/reservation_system/domain/exception/ReservationException.java
[INFO] 	Input tree files (+): /home/artur/projects/inzynierka/Reservation-System/src/main/java/com/reservio/reservation_system/domain/model/Payment.java
[INFO] 	Input tree files (+): /home/artur/projects/inzynierka/Reservation-System/src/main/java/com/reservio/reservation_system/domain/model/Reservation.java
[INFO] 	Input tree files (+): /home/artur/projects/inzynierka/Reservation-System/src/main/java/com/reservio/reservation_system/domain/model/Room.java
[INFO] 	Input tree files (+): /home/artur/projects/inzynierka/Reservation-System/src/main/java/com/reservio/reservation_system/domain/model/User.java
[INFO] 	Input tree files (+): /home/artur/projects/inzynierka/Reservation-System/src/main/java/com/reservio/reservation_system/domain/model/UserRole.java
[INFO] 	Input tree files (+): /home/artur/projects/inzynierka/Reservation-System/src/main/java/com/reservio/reservation_system/domain/repository/ReservationDao.java
[INFO] 	Input tree files (+): /home/artur/projects/inzynierka/Reservation-System/src/main/java/com/reservio/reservation_system/domain/repository/RoomDao.java
[INFO] 	Input tree files (+): /home/artur/projects/inzynierka/Reservation-System/src/main/java/com/reservio/reservation_system/domain/repository/RoomTypeDao.java
[INFO] 	Input tree files (+): /home/artur/projects/inzynierka/Reservation-System/src/main/java/com/reservio/reservation_system/domain/repository/UserDao.java
[INFO] 	Input tree files (+): /home/artur/projects/inzynierka/Reservation-System/src/main/java/com/reservio/reservation_system/domain/repository/UserRoleDao.java
[INFO] 	Input tree files (+): /home/artur/projects/inzynierka/Reservation-System/src/main/java/com/reservio/reservation_system/domain/service/ReportService.java
[INFO] 	Input tree files (+): /home/artur/projects/inzynierka/Reservation-System/src/main/java/com/reservio/reservation_system/domain/service/ReservationService.java
[INFO] 	Input tree files (+): /home/artur/projects/inzynierka/Reservation-System/src/main/java/com/reservio/reservation_system/domain/service/RoomService.java
[INFO] 	Input tree files (+): /home/artur/projects/inzynierka/Reservation-System/src/main/java/com/reservio/reservation_system/domain/service/RoomTypeService.java
[INFO] 	Input tree files (+): /home/artur/projects/inzynierka/Reservation-System/src/main/java/com/reservio/reservation_system/infrastructure/dao/UserDaoImpl.java
[INFO] 	Input tree files (+): /home/artur/projects/inzynierka/Reservation-System/src/main/java/com/reservio/reservation_system/infrastructure/entity/AmenityEntity.java
[INFO] 	Input tree files (+): /home/artur/projects/inzynierka/Reservation-System/src/main/java/com/reservio/reservation_system/infrastructure/entity/CountryEntity.java
[INFO] 	Input tree files (+): /home/artur/projects/inzynierka/Reservation-System/src/main/java/com/reservio/reservation_system/infrastructure/entity/PaymentEntity.java
[INFO] 	Input tree files (+): /home/artur/projects/inzynierka/Reservation-System/src/main/java/com/reservio/reservation_system/infrastructure/entity/PaymentMethodEntity.java
[INFO] 	Input tree files (+): /home/artur/projects/inzynierka/Reservation-System/src/main/java/com/reservio/reservation_system/infrastructure/entity/PaymentStatusEntity.java
[INFO] 	Input tree files (+): /home/artur/projects/inzynierka/Reservation-System/src/main/java/com/reservio/reservation_system/infrastructure/entity/ReservationEntity.java
[INFO] 	Input tree files (+): /home/artur/projects/inzynierka/Reservation-System/src/main/java/com/reservio/reservation_system/infrastructure/entity/ReservationStatusEntity.java
[INFO] 	Input tree files (+): /home/artur/projects/inzynierka/Reservation-System/src/main/java/com/reservio/reservation_system/infrastructure/entity/RoomEntity.java
[INFO] 	Input tree files (+): /home/artur/projects/inzynierka/Reservation-System/src/main/java/com/reservio/reservation_system/infrastructure/entity/RoomTypeAmenityEntity.java
[INFO] 	Input tree files (+): /home/artur/projects/inzynierka/Reservation-System/src/main/java/com/reservio/reservation_system/infrastructure/entity/RoomTypeEntity.java
[INFO] 	Input tree files (+): /home/artur/projects/inzynierka/Reservation-System/src/main/java/com/reservio/reservation_system/infrastructure/entity/UserEntity.java
[INFO] 	Input tree files (+): /home/artur/projects/inzynierka/Reservation-System/src/main/java/com/reservio/reservation_system/infrastructure/entity/UserRoleEntity.java
[INFO] 	Input tree files (+): /home/artur/projects/inzynierka/Reservation-System/src/main/java/com/reservio/reservation_system/infrastructure/security/JwtAuthenticationFilter.java
[INFO] 	Input tree files (+): /home/artur/projects/inzynierka/Reservation-System/src/main/java/com/reservio/reservation_system/infrastructure/security/JwtUtils.java
[INFO] 	Input tree files (+): /home/artur/projects/inzynierka/Reservation-System/src/main/java/com/reservio/reservation_system/infrastructure/security/SecurityConfig.java
[INFO] 	Input tree files (+): /home/artur/projects/inzynierka/Reservation-System/src/main/java/com/reservio/reservation_system/infrastructure/security/UserAuthenticator.java
[INFO] 	Input tree files (+): /home/artur/projects/inzynierka/Reservation-System/src/main/java/com/reservio/reservation_system/infrastructure/specification/RoomSpecification.java
[INFO] 	Input tree files (+): /home/artur/projects/inzynierka/Reservation-System/src/main/java/com/reservio/reservation_system/infrastructure/user/RegistrationManager.java
[INFO] 	Input tree files (+): /home/artur/projects/inzynierka/Reservation-System/src/main/java/com/reservio/reservation_system/presentation/controller/AuthController.java
[INFO] 	Input tree files (+): /home/artur/projects/inzynierka/Reservation-System/src/main/java/com/reservio/reservation_system/presentation/controller/ReportController.java
[INFO] 	Input tree files (+): /home/artur/projects/inzynierka/Reservation-System/src/main/java/com/reservio/reservation_system/presentation/controller/ReservationController.java
[INFO] 	Input tree files (+): /home/artur/projects/inzynierka/Reservation-System/src/main/java/com/reservio/reservation_system/presentation/controller/RoomController.java
[INFO] 	Input tree files (+): /home/artur/projects/inzynierka/Reservation-System/src/main/java/com/reservio/reservation_system/presentation/controller/RoomTypeController.java
[INFO] 	Input tree files (+): /home/artur/projects/inzynierka/Reservation-System/src/main/java/com/reservio/reservation_system/presentation/dto/auth/LoginRequestDto.java
[INFO] 	Input tree files (+): /home/artur/projects/inzynierka/Reservation-System/src/main/java/com/reservio/reservation_system/presentation/dto/auth/LoginResponseDto.java
[INFO] 	Input tree files (+): /home/artur/projects/inzynierka/Reservation-System/src/main/java/com/reservio/reservation_system/presentation/dto/register/RegisterRequestDto.java
[INFO] 	Input tree files (+): /home/artur/projects/inzynierka/Reservation-System/src/main/java/com/reservio/reservation_system/presentation/dto/report/PaymentReportDto.java
[INFO] 	Input tree files (+): /home/artur/projects/inzynierka/Reservation-System/src/main/java/com/reservio/reservation_system/presentation/dto/report/RoomOccupancyReportDto.java
[INFO] 	Input tree files (+): /home/artur/projects/inzynierka/Reservation-System/src/main/java/com/reservio/reservation_system/presentation/dto/reservation/DeskReservationRequestDto.java
[INFO] 	Input tree files (+): /home/artur/projects/inzynierka/Reservation-System/src/main/java/com/reservio/reservation_system/presentation/dto/reservation/DeskReservationResponseDto.java
[INFO] 	Input tree files (+): /home/artur/projects/inzynierka/Reservation-System/src/main/java/com/reservio/reservation_system/presentation/dto/reservation/RoomReservationDto.java
[INFO] 	Input tree files (+): /home/artur/projects/inzynierka/Reservation-System/src/main/java/com/reservio/reservation_system/presentation/dto/reservation/UserReservationDto.java
[INFO] 	Input tree files (+): /home/artur/projects/inzynierka/Reservation-System/src/main/java/com/reservio/reservation_system/presentation/dto/room/AvailableRoomTypeDto.java
[INFO] 	Input tree files (+): /home/artur/projects/inzynierka/Reservation-System/src/main/java/com/reservio/reservation_system/presentation/dto/room/RoomDetailsDto.java
[INFO] 	Input tree files (+): /home/artur/projects/inzynierka/Reservation-System/src/main/java/com/reservio/reservation_system/presentation/dto/room/RoomDto.java
[INFO] 	Input tree files (+): /home/artur/projects/inzynierka/Reservation-System/src/main/java/com/reservio/reservation_system/presentation/dto/room/RoomSlotDto.java
[INFO] 	Input tree files (+): /home/artur/projects/inzynierka/Reservation-System/src/main/java/com/reservio/reservation_system/presentation/dto/user/UserDto.java
[INFO] 	Input tree files (+): /home/artur/projects/inzynierka/Reservation-System/src/main/java/com/reservio/reservation_system/presentation/exception/ErrorResponse.java
[INFO] 	Input tree files (+): /home/artur/projects/inzynierka/Reservation-System/src/main/java/com/reservio/reservation_system/presentation/exception/GlobalExceptionHandler.java
[INFO] 	Input tree files (+): /home/artur/projects/inzynierka/Reservation-System/src/main/java/com/reservio/reservation_system/presentation/mapper/AuthMapper.java
[INFO] 	Input tree files (+): /home/artur/projects/inzynierka/Reservation-System/src/main/java/com/reservio/reservation_system/presentation/mapper/ReservationMapper.java
[INFO] 	Input tree files (+): /home/artur/projects/inzynierka/Reservation-System/src/main/java/com/reservio/reservation_system/presentation/mapper/RoomMapper.java
[INFO] 	Input tree files (+): /home/artur/projects/inzynierka/Reservation-System/src/main/java/com/reservio/reservation_system/presentation/mapper/RoomTypeMapper.java
[INFO] 	Input tree files (+): /home/artur/projects/inzynierka/Reservation-System/src/main/java/com/reservio/reservation_system/presentation/mapper/UserMapper.java
[INFO] Recompiling the module because of changed source code.
[DEBUG] Classpath:
[DEBUG]  /home/artur/projects/inzynierka/Reservation-System/target/classes
[DEBUG]  /home/artur/.m2/repository/org/springframework/boot/spring-boot-starter-web/3.5.4/spring-boot-starter-web-3.5.4.jar
[DEBUG]  /home/artur/.m2/repository/org/springframework/boot/spring-boot-starter/3.5.4/spring-boot-starter-3.5.4.jar
[DEBUG]  /home/artur/.m2/repository/org/springframework/boot/spring-boot/3.5.4/spring-boot-3.5.4.jar
[DEBUG]  /home/artur/.m2/repository/org/springframework/boot/spring-boot-autoconfigure/3.5.4/spring-boot-autoconfigure-3.5.4.jar
[DEBUG]  /home/artur/.m2/repository/org/springframework/boot/spring-boot-starter-logging/3.5.4/spring-boot-starter-logging-3.5.4.jar
[DEBUG]  /home/artur/.m2/repository/ch/qos/logback/logback-classic/1.5.18/logback-classic-1.5.18.jar
[DEBUG]  /home/artur/.m2/repository/ch/qos/logback/logback-core/1.5.18/logback-core-1.5.18.jar
[DEBUG]  /home/artur/.m2/repository/org/apache/logging/log4j/log4j-to-slf4j/2.24.3/log4j-to-slf4j-2.24.3.jar
[DEBUG]  /home/artur/.m2/repository/org/apache/logging/log4j/log4j-api/2.24.3/log4j-api-2.24.3.jar
[DEBUG]  /home/artur/.m2/repository/org/slf4j/jul-to-slf4j/2.0.17/jul-to-slf4j-2.0.17.jar
[DEBUG]  /home/artur/.m2/repository/jakarta/annotation/jakarta.annotation-api/2.1.1/jakarta.annotation-api-2.1.1.jar
[DEBUG]  /home/artur/.m2/repository/org/yaml/snakeyaml/2.4/snakeyaml-2.4.jar
[DEBUG]  /home/artur/.m2/repository/org/springframework/boot/spring-boot-starter-json/3.5.4/spring-boot-starter-json-3.5.4.jar
[DEBUG]  /home/artur/.m2/repository/com/fasterxml/jackson/core/jackson-databind/2.19.2/jackson-databind-2.19.2.jar
[DEBUG]  /home/artur/.m2/repository/com/fasterxml/jackson/core/jackson-annotations/2.19.2/jackson-annotations-2.19.2.jar
[DEBUG]  /home/artur/.m2/repository/com/fasterxml/jackson/core/jackson-core/2.19.2/jackson-core-2.19.2.jar
[DEBUG]  /home/artur/.m2/repository/com/fasterxml/jackson/datatype/jackson-datatype-jdk8/2.19.2/jackson-datatype-jdk8-2.19.2.jar
[DEBUG]  /home/artur/.m2/repository/com/fasterxml/jackson/datatype/jackson-datatype-jsr310/2.19.2/jackson-datatype-jsr310-2.19.2.jar
[DEBUG]  /home/artur/.m2/repository/com/fasterxml/jackson/module/jackson-module-parameter-names/2.19.2/jackson-module-parameter-names-2.19.2.jar
[DEBUG]  /home/artur/.m2/repository/org/springframework/boot/spring-boot-starter-tomcat/3.5.4/spring-boot-starter-tomcat-3.5.4.jar
[DEBUG]  /home/artur/.m2/repository/org/apache/tomcat/embed/tomcat-embed-core/10.1.43/tomcat-embed-core-10.1.43.jar
[DEBUG]  /home/artur/.m2/repository/org/apache/tomcat/embed/tomcat-embed-el/10.1.43/tomcat-embed-el-10.1.43.jar
[DEBUG]  /home/artur/.m2/repository/org/apache/tomcat/embed/tomcat-embed-websocket/10.1.43/tomcat-embed-websocket-10.1.43.jar
[DEBUG]  /home/artur/.m2/repository/org/springframework/spring-web/6.2.9/spring-web-6.2.9.jar
[DEBUG]  /home/artur/.m2/repository/org/springframework/spring-beans/6.2.9/spring-beans-6.2.9.jar
[DEBUG]  /home/artur/.m2/repository/io/micrometer/micrometer-observation/1.15.2/micrometer-observation-1.15.2.jar
[DEBUG]  /home/artur/.m2/repository/io/micrometer/micrometer-commons/1.15.2/micrometer-commons-1.15.2.jar
[DEBUG]  /home/artur/.m2/repository/org/springframework/spring-webmvc/6.2.9/spring-webmvc-6.2.9.jar
[DEBUG]  /home/artur/.m2/repository/org/springframework/spring-context/6.2.9/spring-context-6.2.9.jar
[DEBUG]  /home/artur/.m2/repository/org/springframework/spring-expression/6.2.9/spring-expression-6.2.9.jar
[DEBUG]  /home/artur/.m2/repository/org/projectlombok/lombok/1.18.34/lombok-1.18.34.jar
[DEBUG]  /home/artur/.m2/repository/org/slf4j/slf4j-api/2.0.17/slf4j-api-2.0.17.jar
[DEBUG]  /home/artur/.m2/repository/org/springframework/spring-core/6.2.9/spring-core-6.2.9.jar
[DEBUG]  /home/artur/.m2/repository/org/springframework/spring-jcl/6.2.9/spring-jcl-6.2.9.jar
[DEBUG]  /home/artur/.m2/repository/jakarta/persistence/jakarta.persistence-api/3.1.0/jakarta.persistence-api-3.1.0.jar
[DEBUG]  /home/artur/.m2/repository/org/hibernate/orm/hibernate-core/6.5.2.Final/hibernate-core-6.5.2.Final.jar
[DEBUG]  /home/artur/.m2/repository/jakarta/transaction/jakarta.transaction-api/2.0.1/jakarta.transaction-api-2.0.1.jar
[DEBUG]  /home/artur/.m2/repository/org/antlr/antlr4-runtime/4.13.0/antlr4-runtime-4.13.0.jar
[DEBUG]  /home/artur/.m2/repository/com/oracle/database/jdbc/ojdbc11/23.3.0.23.09/ojdbc11-23.3.0.23.09.jar
[DEBUG]  /home/artur/.m2/repository/org/springframework/boot/spring-boot-starter-data-jpa/3.5.4/spring-boot-starter-data-jpa-3.5.4.jar
[DEBUG]  /home/artur/.m2/repository/org/springframework/boot/spring-boot-starter-jdbc/3.5.4/spring-boot-starter-jdbc-3.5.4.jar
[DEBUG]  /home/artur/.m2/repository/com/zaxxer/HikariCP/6.3.1/HikariCP-6.3.1.jar
[DEBUG]  /home/artur/.m2/repository/org/springframework/spring-jdbc/6.2.9/spring-jdbc-6.2.9.jar
[DEBUG]  /home/artur/.m2/repository/org/springframework/data/spring-data-jpa/3.5.2/spring-data-jpa-3.5.2.jar
[DEBUG]  /home/artur/.m2/repository/org/springframework/data/spring-data-commons/3.5.2/spring-data-commons-3.5.2.jar
[DEBUG]  /home/artur/.m2/repository/org/springframework/spring-orm/6.2.9/spring-orm-6.2.9.jar
[DEBUG]  /home/artur/.m2/repository/org/springframework/spring-tx/6.2.9/spring-tx-6.2.9.jar
[DEBUG]  /home/artur/.m2/repository/org/springframework/spring-aspects/6.2.9/spring-aspects-6.2.9.jar
[DEBUG]  /home/artur/.m2/repository/org/aspectj/aspectjweaver/1.9.24/aspectjweaver-1.9.24.jar
[DEBUG]  /home/artur/.m2/repository/org/springframework/boot/spring-boot-starter-security/3.5.4/spring-boot-starter-security-3.5.4.jar
[DEBUG]  /home/artur/.m2/repository/org/springframework/spring-aop/6.2.9/spring-aop-6.2.9.jar
[DEBUG]  /home/artur/.m2/repository/org/springframework/security/spring-security-config/6.5.2/spring-security-config-6.5.2.jar
[DEBUG]  /home/artur/.m2/repository/org/springframework/security/spring-security-core/6.5.2/spring-security-core-6.5.2.jar
[DEBUG]  /home/artur/.m2/repository/org/springframework/security/spring-security-crypto/6.5.2/spring-security-crypto-6.5.2.jar
[DEBUG]  /home/artur/.m2/repository/org/springframework/security/spring-security-web/6.5.2/spring-security-web-6.5.2.jar
[DEBUG]  /home/artur/.m2/repository/io/jsonwebtoken/jjwt/0.12.5/jjwt-0.12.5.jar
[DEBUG]  /home/artur/.m2/repository/io/jsonwebtoken/jjwt-api/0.12.5/jjwt-api-0.12.5.jar
[DEBUG]  /home/artur/.m2/repository/org/mapstruct/mapstruct/1.6.2/mapstruct-1.6.2.jar
[DEBUG]  /home/artur/.m2/repository/jakarta/validation/jakarta.validation-api/3.0.2/jakarta.validation-api-3.0.2.jar
[DEBUG] Source roots:
[DEBUG]  /home/artur/projects/inzynierka/Reservation-System/src/main/java
[DEBUG]  /home/artur/projects/inzynierka/Reservation-System/target/generated-sources/annotations
[DEBUG] Command line options:
[DEBUG] -d /home/artur/projects/inzynierka/Reservation-System/target/classes -classpath /home/artur/projects/inzynierka/Reservation-System/target/classes:/home/artur/.m2/repository/org/springframework/boot/spring-boot-starter-web/3.5.4/spring-boot-starter-web-3.5.4.jar:/home/artur/.m2/repository/org/springframework/boot/spring-boot-starter/3.5.4/spring-boot-starter-3.5.4.jar:/home/artur/.m2/repository/org/springframework/boot/spring-boot/3.5.4/spring-boot-3.5.4.jar:/home/artur/.m2/repository/org/springframework/boot/spring-boot-autoconfigure/3.5.4/spring-boot-autoconfigure-3.5.4.jar:/home/artur/.m2/repository/org/springframework/boot/spring-boot-starter-logging/3.5.4/spring-boot-starter-logging-3.5.4.jar:/home/artur/.m2/repository/ch/qos/logback/logback-classic/1.5.18/logback-classic-1.5.18.jar:/home/artur/.m2/repository/ch/qos/logback/logback-core/1.5.18/logback-core-1.5.18.jar:/home/artur/.m2/repository/org/apache/logging/log4j/log4j-to-slf4j/2.24.3/log4j-to-slf4j-2.24.3.jar:/home/artur/.m2/repository/org/apache/logging/log4j/log4j-api/2.24.3/log4j-api-2.24.3.jar:/home/artur/.m2/repository/org/slf4j/jul-to-slf4j/2.0.17/jul-to-slf4j-2.0.17.jar:/home/artur/.m2/repository/jakarta/annotation/jakarta.annotation-api/2.1.1/jakarta.annotation-api-2.1.1.jar:/home/artur/.m2/repository/org/yaml/snakeyaml/2.4/snakeyaml-2.4.jar:/home/artur/.m2/repository/org/springframework/boot/spring-boot-starter-json/3.5.4/spring-boot-starter-json-3.5.4.jar:/home/artur/.m2/repository/com/fasterxml/jackson/core/jackson-databind/2.19.2/jackson-databind-2.19.2.jar:/home/artur/.m2/repository/com/fasterxml/jackson/core/jackson-annotations/2.19.2/jackson-annotations-2.19.2.jar:/home/artur/.m2/repository/com/fasterxml/jackson/core/jackson-core/2.19.2/jackson-core-2.19.2.jar:/home/artur/.m2/repository/com/fasterxml/jackson/datatype/jackson-datatype-jdk8/2.19.2/jackson-datatype-jdk8-2.19.2.jar:/home/artur/.m2/repository/com/fasterxml/jackson/datatype/jackson-datatype-jsr310/2.19.2/jackson-datatype-jsr310-2.19.2.jar:/home/artur/.m2/repository/com/fasterxml/jackson/module/jackson-module-parameter-names/2.19.2/jackson-module-parameter-names-2.19.2.jar:/home/artur/.m2/repository/org/springframework/boot/spring-boot-starter-tomcat/3.5.4/spring-boot-starter-tomcat-3.5.4.jar:/home/artur/.m2/repository/org/apache/tomcat/embed/tomcat-embed-core/10.1.43/tomcat-embed-core-10.1.43.jar:/home/artur/.m2/repository/org/apache/tomcat/embed/tomcat-embed-el/10.1.43/tomcat-embed-el-10.1.43.jar:/home/artur/.m2/repository/org/apache/tomcat/embed/tomcat-embed-websocket/10.1.43/tomcat-embed-websocket-10.1.43.jar:/home/artur/.m2/repository/org/springframework/spring-web/6.2.9/spring-web-6.2.9.jar:/home/artur/.m2/repository/org/springframework/spring-beans/6.2.9/spring-beans-6.2.9.jar:/home/artur/.m2/repository/io/micrometer/micrometer-observation/1.15.2/micrometer-observation-1.15.2.jar:/home/artur/.m2/repository/io/micrometer/micrometer-commons/1.15.2/micrometer-commons-1.15.2.jar:/home/artur/.m2/repository/org/springframework/spring-webmvc/6.2.9/spring-webmvc-6.2.9.jar:/home/artur/.m2/repository/org/springframework/spring-context/6.2.9/spring-context-6.2.9.jar:/home/artur/.m2/repository/org/springframework/spring-expression/6.2.9/spring-expression-6.2.9.jar:/home/artur/.m2/repository/org/projectlombok/lombok/1.18.34/lombok-1.18.34.jar:/home/artur/.m2/repository/org/slf4j/slf4j-api/2.0.17/slf4j-api-2.0.17.jar:/home/artur/.m2/repository/org/springframework/spring-core/6.2.9/spring-core-6.2.9.jar:/home/artur/.m2/repository/org/springframework/spring-jcl/6.2.9/spring-jcl-6.2.9.jar:/home/artur/.m2/repository/jakarta/persistence/jakarta.persistence-api/3.1.0/jakarta.persistence-api-3.1.0.jar:/home/artur/.m2/repository/org/hibernate/orm/hibernate-core/6.5.2.Final/hibernate-core-6.5.2.Final.jar:/home/artur/.m2/repository/jakarta/transaction/jakarta.transaction-api/2.0.1/jakarta.transaction-api-2.0.1.jar:/home/artur/.m2/repository/org/antlr/antlr4-runtime/4.13.0/antlr4-runtime-4.13.0.jar:/home/artur/.m2/repository/com/oracle/database/jdbc/ojdbc11/23.3.0.23.09/ojdbc11-23.3.0.23.09.jar:/home/artur/.m2/repository/org/springframework/boot/spring-boot-starter-data-jpa/3.5.4/spring-boot-starter-data-jpa-3.5.4.jar:/home/artur/.m2/repository/org/springframework/boot/spring-boot-starter-jdbc/3.5.4/spring-boot-starter-jdbc-3.5.4.jar:/home/artur/.m2/repository/com/zaxxer/HikariCP/6.3.1/HikariCP-6.3.1.jar:/home/artur/.m2/repository/org/springframework/spring-jdbc/6.2.9/spring-jdbc-6.2.9.jar:/home/artur/.m2/repository/org/springframework/data/spring-data-jpa/3.5.2/spring-data-jpa-3.5.2.jar:/home/artur/.m2/repository/org/springframework/data/spring-data-commons/3.5.2/spring-data-commons-3.5.2.jar:/home/artur/.m2/repository/org/springframework/spring-orm/6.2.9/spring-orm-6.2.9.jar:/home/artur/.m2/repository/org/springframework/spring-tx/6.2.9/spring-tx-6.2.9.jar:/home/artur/.m2/repository/org/springframework/spring-aspects/6.2.9/spring-aspects-6.2.9.jar:/home/artur/.m2/repository/org/aspectj/aspectjweaver/1.9.24/aspectjweaver-1.9.24.jar:/home/artur/.m2/repository/org/springframework/boot/spring-boot-starter-security/3.5.4/spring-boot-starter-security-3.5.4.jar:/home/artur/.m2/repository/org/springframework/spring-aop/6.2.9/spring-aop-6.2.9.jar:/home/artur/.m2/repository/org/springframework/security/spring-security-config/6.5.2/spring-security-config-6.5.2.jar:/home/artur/.m2/repository/org/springframework/security/spring-security-core/6.5.2/spring-security-core-6.5.2.jar:/home/artur/.m2/repository/org/springframework/security/spring-security-crypto/6.5.2/spring-security-crypto-6.5.2.jar:/home/artur/.m2/repository/org/springframework/security/spring-security-web/6.5.2/spring-security-web-6.5.2.jar:/home/artur/.m2/repository/io/jsonwebtoken/jjwt/0.12.5/jjwt-0.12.5.jar:/home/artur/.m2/repository/io/jsonwebtoken/jjwt-api/0.12.5/jjwt-api-0.12.5.jar:/home/artur/.m2/repository/org/mapstruct/mapstruct/1.6.2/mapstruct-1.6.2.jar:/home/artur/.m2/repository/jakarta/validation/jakarta.validation-api/3.0.2/jakarta.validation-api-3.0.2.jar: -sourcepath /home/artur/projects/inzynierka/Reservation-System/src/main/java:/home/artur/projects/inzynierka/Reservation-System/target/generated-sources/annotations: -s /home/artur/projects/inzynierka/Reservation-System/target/generated-sources/annotations -processorpath /home/artur/.m2/repository/org/projectlombok/lombok/1.18.34/lombok-1.18.34.jar:/home/artur/.m2/repository/org/mapstruct/mapstruct-processor/1.6.2/mapstruct-processor-1.6.2.jar: -g -parameters --release 21 -encoding UTF-8 -XDuseUnsharedTable=true
[DEBUG] incrementalBuildHelper#beforeRebuildExecution
[INFO] Compiling 63 source files with javac [debug parameters release 21] to target/classes
[DEBUG] incrementalBuildHelper#afterRebuildExecution
[INFO] -------------------------------------------------------------
[WARNING] COMPILATION WARNING : 
[INFO] -------------------------------------------------------------
[WARNING] /home/artur/projects/inzynierka/Reservation-System/src/main/java/com/reservio/reservation_system/presentation/mapper/RoomMapper.java:[23,20] Unmapped target properties: "activityStatus, occupiedSlots".
[INFO] 1 warning
[INFO] -------------------------------------------------------------
[INFO] -------------------------------------------------------------
[ERROR] COMPILATION ERROR : 
[INFO] -------------------------------------------------------------
[ERROR] /home/artur/projects/inzynierka/Reservation-System/src/main/java/com/reservio/reservation_system/presentation/mapper/RoomTypeMapper.java:[27,32] The return type List<AvailableRoomTypeDto> is an abstract class or interface. Provide a non abstract / non interface result type or a factory method.
[INFO] 1 error
[INFO] -------------------------------------------------------------
[INFO] ------------------------------------------------------------------------
[INFO] BUILD FAILURE
[INFO] ------------------------------------------------------------------------
[INFO] Total time:  1.921 s
[INFO] Finished at: 2025-10-25T17:22:28+02:00
[INFO] ------------------------------------------------------------------------
[ERROR] Failed to execute goal org.apache.maven.plugins:maven-compiler-plugin:3.14.0:compile (default-compile) on project Reservation-System: Compilation failure
[ERROR] /home/artur/projects/inzynierka/Reservation-System/src/main/java/com/reservio/reservation_system/presentation/mapper/RoomTypeMapper.java:[27,32] The return type List<AvailableRoomTypeDto> is an abstract class or interface. Provide a non abstract / non interface result type or a factory method.
[ERROR] 
[ERROR] -> [Help 1]
org.apache.maven.lifecycle.LifecycleExecutionException: Failed to execute goal org.apache.maven.plugins:maven-compiler-plugin:3.14.0:compile (default-compile) on project Reservation-System: Compilation failure
/home/artur/projects/inzynierka/Reservation-System/src/main/java/com/reservio/reservation_system/presentation/mapper/RoomTypeMapper.java:[27,32] The return type List<AvailableRoomTypeDto> is an abstract class or interface. Provide a non abstract / non interface result type or a factory method.

    at org.apache.maven.lifecycle.internal.MojoExecutor.doExecute2 (MojoExecutor.java:333)
    at org.apache.maven.lifecycle.internal.MojoExecutor.doExecute (MojoExecutor.java:316)
    at org.apache.maven.lifecycle.internal.MojoExecutor.execute (MojoExecutor.java:212)
    at org.apache.maven.lifecycle.internal.MojoExecutor.execute (MojoExecutor.java:174)
    at org.apache.maven.lifecycle.internal.MojoExecutor.access$000 (MojoExecutor.java:75)
    at org.apache.maven.lifecycle.internal.MojoExecutor$1.run (MojoExecutor.java:162)
    at org.apache.maven.plugin.DefaultMojosExecutionStrategy.execute (DefaultMojosExecutionStrategy.java:39)
    at org.apache.maven.lifecycle.internal.MojoExecutor.execute (MojoExecutor.java:159)
    at org.apache.maven.lifecycle.internal.LifecycleModuleBuilder.buildProject (LifecycleModuleBuilder.java:105)
    at org.apache.maven.lifecycle.internal.LifecycleModuleBuilder.buildProject (LifecycleModuleBuilder.java:73)
    at org.apache.maven.lifecycle.internal.builder.singlethreaded.SingleThreadedBuilder.build (SingleThreadedBuilder.java:53)
    at org.apache.maven.lifecycle.internal.LifecycleStarter.execute (LifecycleStarter.java:118)
    at org.apache.maven.DefaultMaven.doExecute (DefaultMaven.java:261)
    at org.apache.maven.DefaultMaven.doExecute (DefaultMaven.java:173)
    at org.apache.maven.DefaultMaven.execute (DefaultMaven.java:101)
    at org.apache.maven.cli.MavenCli.execute (MavenCli.java:906)
    at org.apache.maven.cli.MavenCli.doMain (MavenCli.java:283)
    at org.apache.maven.cli.MavenCli.main (MavenCli.java:206)
    at jdk.internal.reflect.DirectMethodHandleAccessor.invoke (DirectMethodHandleAccessor.java:103)
    at java.lang.reflect.Method.invoke (Method.java:580)
    at org.codehaus.plexus.classworlds.launcher.Launcher.launchEnhanced (Launcher.java:255)
    at org.codehaus.plexus.classworlds.launcher.Launcher.launch (Launcher.java:201)
    at org.codehaus.plexus.classworlds.launcher.Launcher.mainWithExitCode (Launcher.java:361)
    at org.codehaus.plexus.classworlds.launcher.Launcher.main (Launcher.java:314)
Caused by: org.apache.maven.plugin.compiler.CompilationFailureException: Compilation failure
/home/artur/projects/inzynierka/Reservation-System/src/main/java/com/reservio/reservation_system/presentation/mapper/RoomTypeMapper.java:[27,32] The return type List<AvailableRoomTypeDto> is an abstract class or interface. Provide a non abstract / non interface result type or a factory method.

    at org.apache.maven.plugin.compiler.AbstractCompilerMojo.execute (AbstractCompilerMojo.java:1309)
    at org.apache.maven.plugin.compiler.CompilerMojo.execute (CompilerMojo.java:225)
    at org.apache.maven.plugin.DefaultBuildPluginManager.executeMojo (DefaultBuildPluginManager.java:126)
    at org.apache.maven.lifecycle.internal.MojoExecutor.doExecute2 (MojoExecutor.java:328)
    at org.apache.maven.lifecycle.internal.MojoExecutor.doExecute (MojoExecutor.java:316)
    at org.apache.maven.lifecycle.internal.MojoExecutor.execute (MojoExecutor.java:212)
    at org.apache.maven.lifecycle.internal.MojoExecutor.execute (MojoExecutor.java:174)
    at org.apache.maven.lifecycle.internal.MojoExecutor.access$000 (MojoExecutor.java:75)
    at org.apache.maven.lifecycle.internal.MojoExecutor$1.run (MojoExecutor.java:162)
    at org.apache.maven.plugin.DefaultMojosExecutionStrategy.execute (DefaultMojosExecutionStrategy.java:39)
    at org.apache.maven.lifecycle.internal.MojoExecutor.execute (MojoExecutor.java:159)
    at org.apache.maven.lifecycle.internal.LifecycleModuleBuilder.buildProject (LifecycleModuleBuilder.java:105)
    at org.apache.maven.lifecycle.internal.LifecycleModuleBuilder.buildProject (LifecycleModuleBuilder.java:73)
    at org.apache.maven.lifecycle.internal.builder.singlethreaded.SingleThreadedBuilder.build (SingleThreadedBuilder.java:53)
    at org.apache.maven.lifecycle.internal.LifecycleStarter.execute (LifecycleStarter.java:118)
    at org.apache.maven.DefaultMaven.doExecute (DefaultMaven.java:261)
    at org.apache.maven.DefaultMaven.doExecute (DefaultMaven.java:173)
    at org.apache.maven.DefaultMaven.execute (DefaultMaven.java:101)
    at org.apache.maven.cli.MavenCli.execute (MavenCli.java:906)
    at org.apache.maven.cli.MavenCli.doMain (MavenCli.java:283)
    at org.apache.maven.cli.MavenCli.main (MavenCli.java:206)
    at jdk.internal.reflect.DirectMethodHandleAccessor.invoke (DirectMethodHandleAccessor.java:103)
    at java.lang.reflect.Method.invoke (Method.java:580)
    at org.codehaus.plexus.classworlds.launcher.Launcher.launchEnhanced (Launcher.java:255)
    at org.codehaus.plexus.classworlds.launcher.Launcher.launch (Launcher.java:201)
    at org.codehaus.plexus.classworlds.launcher.Launcher.mainWithExitCode (Launcher.java:361)
    at org.codehaus.plexus.classworlds.launcher.Launcher.main (Launcher.java:314)
[ERROR] 
[ERROR] 
[ERROR] For more information about the errors and possible solutions, please read the following articles:
[ERROR] [Help 1] http://cwiki.apache.org/confluence/display/MAVEN/MojoFailureException
[DEBUG] Shutting down adapter factory; available factories [file-lock, rwlock-local, semaphore-local, noop]; available name mappers [discriminating, file-gav, file-hgav, file-static, gav, static]
[DEBUG] Shutting down 'file-lock' factory
[DEBUG] Shutting down 'rwlock-local' factory
[DEBUG] Shutting down 'semaphore-local' factory
[DEBUG] Shutting down 'noop' factory
